temp,rich,Col,gsm1,AOP2.gsoh,AOP2,com,Cage,Week_match,BRBR_t,LYER_t,Ptoid_t,BRBR_t1,LYER_t1,Ptoid_t1,fweek,Biomass_g_t1,No_Plants,Biomass_g
20 C,2,0,0,1,1,AOP2_AOP2.gsoh,1,0,4,4,0,24,8,0,0,0.7725000000000001,8,0.6180000000000001
20 C,2,0,0,1,1,AOP2_AOP2.gsoh,1,1,24,8,0,54,79,0,1,0.927,8,0.7725000000000001
20 C,2,0,0,1,1,AOP2_AOP2.gsoh,1,2,54,79,2,375,565,1,2,1.997,8,0.927
20 C,2,0,0,1,1,AOP2_AOP2.gsoh,1,3,375,565,3,430,130,22,3,0.949,8,1.997
20 C,2,0,0,1,1,AOP2_AOP2.gsoh,1,4,430,130,22,295,150,55,4,0.849,8,0.949
20 C,2,0,0,1,1,AOP2_AOP2.gsoh,1,5,295,150,55,42,35,147,5,0.846,8,0.849
20 C,2,0,0,1,1,AOP2_AOP2.gsoh,1,6,42,35,147,0,0,14,6,1.11,8,0.846
20 C,2,0,0,1,1,AOP2_AOP2.gsoh,1,7,0,0,14,0,0,0,7,1.631,8,1.11
20 C,2,0,0,1,1,AOP2_AOP2.gsoh,1,8,0,0,0,0,0,0,8,0.653,8,1.631
20 C,2,0,0,1,1,AOP2_AOP2.gsoh,1,9,0,0,0,0,0,0,9,1.059,8,0.653
20 C,2,0,0,1,1,AOP2_AOP2.gsoh,1,10,0,0,0,0,0,0,10,1.344,8,1.059
20 C,2,0,0,1,1,AOP2_AOP2.gsoh,1,11,0,0,0,0,0,0,11,1.049,8,1.344
20 C,2,0,0,1,1,AOP2_AOP2.gsoh,1,12,0,0,0,0,0,0,12,0.964,8,1.049
20 C,2,0,0,1,1,AOP2_AOP2.gsoh,1,13,0,0,0,0,0,0,13,1.092,7,0.964
20 C,2,0,0,1,1,AOP2_AOP2.gsoh,1,14,0,0,0,0,0,0,14,0.559,8,1.092
20 C,2,0,0,1,1,AOP2_AOP2.gsoh,1,15,0,0,0,0,0,0,15,0.411,7,0.559
20 C,2,0,0,1,1,AOP2_AOP2.gsoh,1,16,0,0,0,0,0,0,16,0.925,7,0.411
20 C,4,1,1,1,1,Poly,2,0,4,4,0,52,16,0,0,1.2333333333333334,8,0.9866666666666667
20 C,4,1,1,1,1,Poly,2,1,52,16,0,134,142,0,1,1.48,8,1.2333333333333334
20 C,4,1,1,1,1,Poly,2,2,134,142,2,570,445,1,2,2.347,8,1.48
20 C,4,1,1,1,1,Poly,2,3,570,445,3,327,205,37,3,0.988,8,2.347
20 C,4,1,1,1,1,Poly,2,4,327,205,37,255,80,24,4,1.215,8,0.988
20 C,4,1,1,1,1,Poly,2,5,255,80,24,95,50,85,5,1.229,8,1.215
20 C,4,1,1,1,1,Poly,2,6,95,50,85,155,95,120,6,1.191,8,1.229
20 C,4,1,1,1,1,Poly,2,7,155,95,120,30,10,55,7,2.193,8,1.191
20 C,4,1,1,1,1,Poly,2,8,30,10,55,0,0,2,8,2.124,8,2.193
20 C,4,1,1,1,1,Poly,2,9,0,0,2,0,0,3,9,1.034,8,2.124
20 C,4,1,1,1,1,Poly,2,10,0,0,3,0,0,0,10,1.682,8,1.034
20 C,4,1,1,1,1,Poly,2,11,0,0,0,0,0,0,11,0.958,8,1.682
20 C,4,1,1,1,1,Poly,2,12,0,0,0,0,0,0,12,1.421,8,0.958
20 C,4,1,1,1,1,Poly,2,13,0,0,0,0,0,0,13,1.339,8,1.421
20 C,4,1,1,1,1,Poly,2,14,0,0,0,0,0,0,14,0.361,7,1.339
20 C,4,1,1,1,1,Poly,2,15,0,0,0,0,0,0,15,0.434,5,0.361
20 C,4,1,1,1,1,Poly,2,16,0,0,0,0,0,0,16,0.808,8,0.434
20 C,2,0,1,1,0,gsm1_AOP2.gsoh,3,0,4,4,0,27,27,0,0,0.7383333333333333,8,0.5906666666666667
20 C,2,0,1,1,0,gsm1_AOP2.gsoh,3,1,27,27,0,99,125,0,1,0.886,8,0.7383333333333333
20 C,2,0,1,1,0,gsm1_AOP2.gsoh,3,2,99,125,2,330,725,1,2,1.679,8,0.886
20 C,2,0,1,1,0,gsm1_AOP2.gsoh,3,3,330,725,3,210,270,13,3,1.219,8,1.679
20 C,2,0,1,1,0,gsm1_AOP2.gsoh,3,4,210,270,13,315,160,51,4,0.874,8,1.219
20 C,2,0,1,1,0,gsm1_AOP2.gsoh,3,5,315,160,51,80,15,150,5,1.347,8,0.874
20 C,2,0,1,1,0,gsm1_AOP2.gsoh,3,6,80,15,150,0,0,32,6,1.823,8,1.347
20 C,2,0,1,1,0,gsm1_AOP2.gsoh,3,7,0,0,32,0,0,0,7,2.223,8,1.823
20 C,2,0,1,1,0,gsm1_AOP2.gsoh,3,8,0,0,0,0,0,0,8,1.903,8,2.223
20 C,2,0,1,1,0,gsm1_AOP2.gsoh,3,9,0,0,0,0,0,0,9,1.391,8,1.903
20 C,2,0,1,1,0,gsm1_AOP2.gsoh,3,10,0,0,0,0,0,0,10,1.14,8,1.391
20 C,2,0,1,1,0,gsm1_AOP2.gsoh,3,11,0,0,0,0,0,0,11,1.041,8,1.14
20 C,2,0,1,1,0,gsm1_AOP2.gsoh,3,12,0,0,0,0,0,0,12,1.407,8,1.041
20 C,2,0,1,1,0,gsm1_AOP2.gsoh,3,13,0,0,0,0,0,0,13,1.144,8,1.407
20 C,2,0,1,1,0,gsm1_AOP2.gsoh,3,14,0,0,0,0,0,0,14,0.218,8,1.144
20 C,2,0,1,1,0,gsm1_AOP2.gsoh,3,15,0,0,0,0,0,0,15,0.804,4,0.218
20 C,2,0,1,1,0,gsm1_AOP2.gsoh,3,16,0,0,0,0,0,0,16,1.056,8,0.804
20 C,1,0,0,0,1,AOP2,4,0,4,4,0,12,7,0,0,0.5683333333333334,8,0.45466666666666666
20 C,1,0,0,0,1,AOP2,4,1,12,7,0,79,158,0,1,0.682,8,0.5683333333333334
20 C,1,0,0,0,1,AOP2,4,2,79,158,2,240,550,1,2,1.646,8,0.682
20 C,1,0,0,0,1,AOP2,4,3,240,550,3,150,155,26,3,0.742,8,1.646
20 C,1,0,0,0,1,AOP2,4,4,150,155,26,80,67,27,4,0.81,8,0.742
20 C,1,0,0,0,1,AOP2,4,5,80,67,27,10,12,43,5,1.104,8,0.81
20 C,1,0,0,0,1,AOP2,4,6,10,12,43,0,10,4,6,1.292,8,1.104
20 C,1,0,0,0,1,AOP2,4,7,0,10,4,0,5,3,7,1.736,8,1.292
20 C,1,0,0,0,1,AOP2,4,8,0,5,3,0,20,0,8,1.793,8,1.736
20 C,1,0,0,0,1,AOP2,4,9,0,20,0,0,60,0,9,0.901,8,1.793
20 C,1,0,0,0,1,AOP2,4,10,0,60,0,0,752,0,10,1.416,8,0.901
20 C,1,0,0,0,1,AOP2,4,11,0,752,0,0,275,0,11,0.315,8,1.416
20 C,1,0,0,0,1,AOP2,4,12,0,275,0,0,795,0,12,0.408,8,0.315
20 C,1,0,0,0,1,AOP2,4,13,0,795,0,0,315,0,13,0.258,8,0.408
20 C,1,0,0,0,1,AOP2,4,14,0,315,0,0,40,0,14,0.085,7,0.258
20 C,1,0,0,0,1,AOP2,4,15,0,40,0,0,5,0,15,0.34,7,0.085
20 C,1,0,0,0,1,AOP2,4,16,0,5,0,0,155,0,16,0.617,8,0.34
20 C,1,0,1,0,0,gsm1,5,0,4,4,0,19,22,0,0,1.47,8,1.176
20 C,1,0,1,0,0,gsm1,5,1,19,22,0,118,149,0,1,1.764,8,1.47
20 C,1,0,1,0,0,gsm1,5,2,118,149,2,247,467,1,2,2.046,8,1.764
20 C,1,0,1,0,0,gsm1,5,3,247,467,3,230,205,17,3,1.005,8,2.046
20 C,1,0,1,0,0,gsm1,5,4,230,205,17,210,137,12,4,1.593,8,1.005
20 C,1,0,1,0,0,gsm1,5,5,210,137,12,97,137,81,5,1.825,8,1.593
20 C,1,0,1,0,0,gsm1,5,6,97,137,81,20,35,181,6,1.795,8,1.825
20 C,1,0,1,0,0,gsm1,5,7,20,35,181,0,5,32,7,2.63,8,1.795
20 C,1,0,1,0,0,gsm1,5,8,0,5,32,0,5,3,8,2.168,8,2.63
20 C,1,0,1,0,0,gsm1,5,9,0,5,3,0,5,1,9,1.753,8,2.168
20 C,1,0,1,0,0,gsm1,5,10,0,5,1,0,7,1,10,1.643,8,1.753
20 C,1,0,1,0,0,gsm1,5,11,0,7,1,0,20,1,11,0.904,8,1.643
20 C,1,0,1,0,0,gsm1,5,12,0,20,1,0,460,4,12,0.933,8,0.904
20 C,1,0,1,0,0,gsm1,5,13,0,460,4,0,635,4,13,0.393,8,0.933
20 C,1,0,1,0,0,gsm1,5,14,0,635,4,0,95,2,14,0.296,8,0.393
20 C,1,0,1,0,0,gsm1,5,15,0,95,2,0,5,0,15,0.294,6,0.296
20 C,1,0,1,0,0,gsm1,5,16,0,5,0,0,215,0,16,1.224,8,0.294
20 C,2,1,0,0,1,Col_AOP2,6,0,4,4,0,32,15,0,0,0.7566666666666667,8,0.6053333333333334
20 C,2,1,0,0,1,Col_AOP2,6,1,32,15,0,131,65,0,1,0.908,8,0.7566666666666667
20 C,2,1,0,0,1,Col_AOP2,6,2,131,65,2,840,325,1,2,2.142,8,0.908
20 C,2,1,0,0,1,Col_AOP2,6,3,840,325,3,185,205,33,3,1.089,8,2.142
20 C,2,1,0,0,1,Col_AOP2,6,4,185,205,33,172,270,38,4,1.063,8,1.089
20 C,2,1,0,0,1,Col_AOP2,6,5,172,270,38,15,55,30,5,1.491,8,1.063
20 C,2,1,0,0,1,Col_AOP2,6,6,15,55,30,0,15,65,6,1.786,8,1.491
20 C,2,1,0,0,1,Col_AOP2,6,7,0,15,65,0,5,19,7,2.148,8,1.786
20 C,2,1,0,0,1,Col_AOP2,6,8,0,5,19,0,5,5,8,2.429,8,2.148
20 C,2,1,0,0,1,Col_AOP2,6,9,0,5,5,0,5,1,9,1.587,8,2.429
20 C,2,1,0,0,1,Col_AOP2,6,10,0,5,1,0,15,1,10,1.405,8,1.587
20 C,2,1,0,0,1,Col_AOP2,6,11,0,15,1,0,70,1,11,1.255,8,1.405
20 C,2,1,0,0,1,Col_AOP2,6,12,0,70,1,0,845,1,12,0.798,8,1.255
20 C,2,1,0,0,1,Col_AOP2,6,13,0,845,1,0,555,64,13,0.409,8,0.798
20 C,2,1,0,0,1,Col_AOP2,6,14,0,555,64,0,65,12,14,0.326,8,0.409
20 C,2,1,0,0,1,Col_AOP2,6,15,0,65,12,0,0,0,15,0.356,8,0.326
20 C,2,1,0,0,1,Col_AOP2,6,16,0,0,0,0,0,0,16,1.498,8,0.356
20 C,4,1,1,1,1,Poly,7,0,4,4,0,27,20,0,0,1.1941666666666668,8,0.9553333333333335
20 C,4,1,1,1,1,Poly,7,1,27,20,0,102,117,0,1,1.433,8,1.1941666666666668
20 C,4,1,1,1,1,Poly,7,2,102,117,2,460,410,1,2,1.687,8,1.433
20 C,4,1,1,1,1,Poly,7,3,460,410,3,545,290,31,3,1.5,8,1.687
20 C,4,1,1,1,1,Poly,7,4,545,290,31,450,120,44,4,0.871,8,1.5
20 C,4,1,1,1,1,Poly,7,5,450,120,44,95,10,242,5,1.618,8,0.871
20 C,4,1,1,1,1,Poly,7,6,95,10,242,0,10,49,6,2.041,8,1.618
20 C,4,1,1,1,1,Poly,7,7,0,10,49,0,10,0,7,2.192,8,2.041
20 C,4,1,1,1,1,Poly,7,8,0,10,0,0,0,0,8,2.077,8,2.192
20 C,4,1,1,1,1,Poly,7,9,0,0,0,0,0,0,9,1.69,8,2.077
20 C,4,1,1,1,1,Poly,7,10,0,0,0,0,0,0,10,2.171,8,1.69
20 C,4,1,1,1,1,Poly,7,11,0,0,0,0,0,0,11,1.566,8,2.171
20 C,4,1,1,1,1,Poly,7,12,0,0,0,0,0,0,12,1.446,8,1.566
20 C,4,1,1,1,1,Poly,7,13,0,0,0,0,0,0,13,1.317,8,1.446
20 C,4,1,1,1,1,Poly,7,14,0,0,0,0,0,0,14,0.513,8,1.317
20 C,4,1,1,1,1,Poly,7,15,0,0,0,0,0,0,15,0.568,5,0.513
20 C,4,1,1,1,1,Poly,7,16,0,0,0,0,0,0,16,1.086,8,0.568
20 C,2,1,0,1,0,Col_AOP2.gsoh,8,0,4,4,0,51,17,0,0,1.1883333333333332,8,0.9506666666666665
20 C,2,1,0,1,0,Col_AOP2.gsoh,8,1,51,17,0,172,121,0,1,1.426,8,1.1883333333333332
20 C,2,1,0,1,0,Col_AOP2.gsoh,8,2,172,121,2,575,305,1,2,2.652,8,1.426
20 C,2,1,0,1,0,Col_AOP2.gsoh,8,3,575,305,3,330,210,30,3,1.1,8,2.652
20 C,2,1,0,1,0,Col_AOP2.gsoh,8,4,330,210,30,285,155,17,4,1.362,8,1.1
20 C,2,1,0,1,0,Col_AOP2.gsoh,8,5,285,155,17,0,100,89,5,1.764,8,1.362
20 C,2,1,0,1,0,Col_AOP2.gsoh,8,6,0,100,89,0,20,28,6,1.474,8,1.764
20 C,2,1,0,1,0,Col_AOP2.gsoh,8,7,0,20,28,0,0,0,7,2.039,8,1.474
20 C,2,1,0,1,0,Col_AOP2.gsoh,8,8,0,0,0,0,0,0,8,2.473,8,2.039
20 C,2,1,0,1,0,Col_AOP2.gsoh,8,9,0,0,0,0,0,0,9,1.571,8,2.473
20 C,2,1,0,1,0,Col_AOP2.gsoh,8,10,0,0,0,0,0,0,10,1.488,8,1.571
20 C,2,1,0,1,0,Col_AOP2.gsoh,8,11,0,0,0,0,0,0,11,1.838,8,1.488
20 C,2,1,0,1,0,Col_AOP2.gsoh,8,12,0,0,0,0,0,0,12,1.533,8,1.838
20 C,2,1,0,1,0,Col_AOP2.gsoh,8,13,0,0,0,0,0,0,13,1.366,8,1.533
20 C,2,1,0,1,0,Col_AOP2.gsoh,8,14,0,0,0,0,0,0,14,0.712,8,1.366
20 C,2,1,0,1,0,Col_AOP2.gsoh,8,15,0,0,0,0,0,0,15,0.512,8,0.712
20 C,2,1,0,1,0,Col_AOP2.gsoh,8,16,0,0,0,0,0,0,16,1.353,8,0.512
20 C,2,1,1,0,0,Col_gsm1,9,0,4,4,0,45,23,0,0,1.1566666666666665,8,0.9253333333333332
20 C,2,1,1,0,0,Col_gsm1,9,1,45,23,0,146,181,0,1,1.388,8,1.1566666666666665
20 C,2,1,1,0,0,Col_gsm1,9,2,146,181,2,445,465,1,2,2.297,8,1.388
20 C,2,1,1,0,0,Col_gsm1,9,3,445,465,3,325,242,27,3,1.375,8,2.297
20 C,2,1,1,0,0,Col_gsm1,9,4,325,242,27,145,275,33,4,1.661,8,1.375
20 C,2,1,1,0,0,Col_gsm1,9,5,145,275,33,7,35,123,5,1.83,8,1.661
20 C,2,1,1,0,0,Col_gsm1,9,6,7,35,123,0,5,16,6,2.337,8,1.83
20 C,2,1,1,0,0,Col_gsm1,9,7,0,5,16,0,5,1,7,2.051,8,2.337
20 C,2,1,1,0,0,Col_gsm1,9,8,0,5,1,0,5,1,8,2.582,8,2.051
20 C,2,1,1,0,0,Col_gsm1,9,9,0,5,1,0,5,1,9,1.987,8,2.582
20 C,2,1,1,0,0,Col_gsm1,9,10,0,5,1,0,137,10,10,1.91,8,1.987
20 C,2,1,1,0,0,Col_gsm1,9,11,0,137,10,0,15,3,11,1.501,8,1.91
20 C,2,1,1,0,0,Col_gsm1,9,12,0,15,3,0,5,20,12,1.372,8,1.501
20 C,2,1,1,0,0,Col_gsm1,9,13,0,5,20,0,20,5,13,1.481,8,1.372
20 C,2,1,1,0,0,Col_gsm1,9,14,0,20,5,0,5,0,14,0.626,8,1.481
20 C,2,1,1,0,0,Col_gsm1,9,15,0,5,0,0,5,0,15,0.786,8,0.626
20 C,2,1,1,0,0,Col_gsm1,9,16,0,5,0,0,5,0,16,1.511,8,0.786
20 C,2,0,1,1,0,gsm1_AOP2.gsoh,10,0,4,4,0,38,19,0,0,0.8008333333333333,8,0.6406666666666666
20 C,2,0,1,1,0,gsm1_AOP2.gsoh,10,1,38,19,0,162,155,0,1,0.961,8,0.8008333333333333
20 C,2,0,1,1,0,gsm1_AOP2.gsoh,10,2,162,155,2,470,405,1,2,1.317,8,0.961
20 C,2,0,1,1,0,gsm1_AOP2.gsoh,10,3,470,405,3,220,70,35,3,0.846,8,1.317
20 C,2,0,1,1,0,gsm1_AOP2.gsoh,10,4,220,70,35,127,87,25,4,1.265,8,0.846
20 C,2,0,1,1,0,gsm1_AOP2.gsoh,10,5,127,87,25,27,97,168,5,1.56,8,1.265
20 C,2,0,1,1,0,gsm1_AOP2.gsoh,10,6,27,97,168,0,0,29,6,1.928,8,1.56
20 C,2,0,1,1,0,gsm1_AOP2.gsoh,10,7,0,0,29,0,0,0,7,2.441,8,1.928
20 C,2,0,1,1,0,gsm1_AOP2.gsoh,10,8,0,0,0,0,0,0,8,1.728,8,2.441
20 C,2,0,1,1,0,gsm1_AOP2.gsoh,10,9,0,0,0,0,0,0,9,1.122,8,1.728
20 C,2,0,1,1,0,gsm1_AOP2.gsoh,10,10,0,0,0,0,0,0,10,1.732,8,1.122
20 C,2,0,1,1,0,gsm1_AOP2.gsoh,10,11,0,0,0,0,0,0,11,1.18,8,1.732
20 C,2,0,1,1,0,gsm1_AOP2.gsoh,10,12,0,0,0,0,0,0,12,1.313,8,1.18
20 C,2,0,1,1,0,gsm1_AOP2.gsoh,10,13,0,0,0,0,0,0,13,1.148,8,1.313
20 C,2,0,1,1,0,gsm1_AOP2.gsoh,10,14,0,0,0,0,0,0,14,0.141,8,1.148
20 C,2,0,1,1,0,gsm1_AOP2.gsoh,10,15,0,0,0,0,0,0,15,0.422,6,0.141
20 C,2,0,1,1,0,gsm1_AOP2.gsoh,10,16,0,0,0,0,0,0,16,0.547,8,0.422
20 C,2,0,1,0,1,gsm1_AOP2,11,0,4,4,0,38,11,0,0,0.9808333333333333,8,0.7846666666666666
20 C,2,0,1,0,1,gsm1_AOP2,11,1,38,11,0,128,216,0,1,1.177,8,0.9808333333333333
20 C,2,0,1,0,1,gsm1_AOP2,11,2,128,216,2,305,487,1,2,1.853,8,1.177
20 C,2,0,1,0,1,gsm1_AOP2,11,3,305,487,3,200,197,29,3,0.781,8,1.853
20 C,2,0,1,0,1,gsm1_AOP2,11,4,200,197,29,77,145,27,4,1.134,8,0.781
20 C,2,0,1,0,1,gsm1_AOP2,11,5,77,145,27,20,85,216,5,1.348,8,1.134
20 C,2,0,1,0,1,gsm1_AOP2,11,6,20,85,216,0,0,47,6,1.885,8,1.348
20 C,2,0,1,0,1,gsm1_AOP2,11,7,0,0,47,0,0,0,7,1.963,8,1.885
20 C,2,0,1,0,1,gsm1_AOP2,11,8,0,0,0,0,0,0,8,2.213,8,1.963
20 C,2,0,1,0,1,gsm1_AOP2,11,9,0,0,0,0,0,0,9,1.799,8,2.213
20 C,2,0,1,0,1,gsm1_AOP2,11,10,0,0,0,0,0,0,10,1.544,8,1.799
20 C,2,0,1,0,1,gsm1_AOP2,11,11,0,0,0,0,0,0,11,1.227,8,1.544
20 C,2,0,1,0,1,gsm1_AOP2,11,12,0,0,0,0,0,0,12,1.167,8,1.227
20 C,2,0,1,0,1,gsm1_AOP2,11,13,0,0,0,0,0,0,13,1.038,8,1.167
20 C,2,0,1,0,1,gsm1_AOP2,11,14,0,0,0,0,0,0,14,0.534,7,1.038
20 C,2,0,1,0,1,gsm1_AOP2,11,15,0,0,0,0,0,0,15,0.526,6,0.534
20 C,2,0,1,0,1,gsm1_AOP2,11,16,0,0,0,0,0,0,16,1.013,8,0.526
20 C,4,1,1,1,1,Poly,12,0,4,4,0,34,17,0,0,1.1566666666666665,8,0.9253333333333332
20 C,4,1,1,1,1,Poly,12,1,34,17,0,108,153,0,1,1.388,8,1.1566666666666665
20 C,4,1,1,1,1,Poly,12,2,108,153,2,410,407,1,2,1.648,8,1.388
20 C,4,1,1,1,1,Poly,12,3,410,407,3,325,260,20,3,1.156,8,1.648
20 C,4,1,1,1,1,Poly,12,4,325,260,20,210,175,70,4,0.823,8,1.156
20 C,4,1,1,1,1,Poly,12,5,210,175,70,15,70,118,5,1.706,8,0.823
20 C,4,1,1,1,1,Poly,12,6,15,70,118,0,5,24,6,2.092,8,1.706
20 C,4,1,1,1,1,Poly,12,7,0,5,24,0,5,1,7,2.363,8,2.092
20 C,4,1,1,1,1,Poly,12,8,0,5,1,0,10,1,8,2.172,8,2.363
20 C,4,1,1,1,1,Poly,12,9,0,10,1,0,75,3,9,1.662,8,2.172
20 C,4,1,1,1,1,Poly,12,10,0,75,3,0,200,13,10,1.459,8,1.662
20 C,4,1,1,1,1,Poly,12,11,0,200,13,0,555,101,11,0.489,8,1.459
20 C,4,1,1,1,1,Poly,12,12,0,555,101,0,290,19,12,0.395,8,0.489
20 C,4,1,1,1,1,Poly,12,13,0,290,19,0,430,11,13,0.764,8,0.395
20 C,4,1,1,1,1,Poly,12,14,0,430,11,0,95,90,14,0.289,8,0.764
20 C,4,1,1,1,1,Poly,12,15,0,95,90,0,5,1,15,0.763,8,0.289
20 C,4,1,1,1,1,Poly,12,16,0,5,1,0,10,1,16,0.925,8,0.763
20 C,4,1,1,1,1,Poly,13,0,4,4,0,12,24,0,0,1.3666666666666667,8,1.0933333333333333
20 C,4,1,1,1,1,Poly,13,1,12,24,0,121,156,0,1,1.64,8,1.3666666666666667
20 C,4,1,1,1,1,Poly,13,2,121,156,2,470,845,1,2,1.484,8,1.64
20 C,4,1,1,1,1,Poly,13,3,470,845,3,85,260,17,3,0.762,8,1.484
20 C,4,1,1,1,1,Poly,13,4,85,260,17,50,110,17,4,1.615,8,0.762
20 C,4,1,1,1,1,Poly,13,5,50,110,17,0,80,67,5,1.371,8,1.615
20 C,4,1,1,1,1,Poly,13,6,0,80,67,0,10,46,6,1.337,8,1.371
20 C,4,1,1,1,1,Poly,13,7,0,10,46,0,5,7,7,2.251,8,1.337
20 C,4,1,1,1,1,Poly,13,8,0,5,7,0,10,3,8,1.688,8,2.251
20 C,4,1,1,1,1,Poly,13,9,0,10,3,0,5,2,9,2.053,8,1.688
20 C,4,1,1,1,1,Poly,13,10,0,5,2,0,10,1,10,1.959,8,2.053
20 C,4,1,1,1,1,Poly,13,11,0,10,1,0,20,5,11,1.305,8,1.959
20 C,4,1,1,1,1,Poly,13,12,0,20,5,0,60,14,12,0.821,8,1.305
20 C,4,1,1,1,1,Poly,13,13,0,60,14,0,455,8,13,1.194,8,0.821
20 C,4,1,1,1,1,Poly,13,14,0,455,8,0,65,91,14,0.222,8,1.194
20 C,4,1,1,1,1,Poly,13,15,0,65,91,0,5,1,15,0.267,6,0.222
20 C,4,1,1,1,1,Poly,13,16,0,5,1,0,10,1,16,0.937,8,0.267
20 C,1,1,0,0,0,Col,14,0,4,4,0,26,7,0,0,1.7808333333333333,8,1.4246666666666665
20 C,1,1,0,0,0,Col,14,1,26,7,0,107,64,0,1,2.137,8,1.7808333333333333
20 C,1,1,0,0,0,Col,14,2,107,64,2,495,307,1,2,2.694,8,2.137
20 C,1,1,0,0,0,Col,14,3,495,307,3,315,120,15,3,1.499,8,2.694
20 C,1,1,0,0,0,Col,14,4,315,120,15,357,195,39,4,1.512,8,1.499
20 C,1,1,0,0,0,Col,14,5,357,195,39,665,545,118,5,1.102,8,1.512
20 C,1,1,0,0,0,Col,14,6,665,545,118,85,55,424,6,1.459,8,1.102
20 C,1,1,0,0,0,Col,14,7,85,55,424,0,5,68,7,3.023,8,1.459
20 C,1,1,0,0,0,Col,14,8,0,5,68,0,5,6,8,3.191,8,3.023
20 C,1,1,0,0,0,Col,14,9,0,5,6,0,5,0,9,2.627,8,3.191
20 C,1,1,0,0,0,Col,14,10,0,5,0,0,32,0,10,1.612,8,2.627
20 C,1,1,0,0,0,Col,14,11,0,32,0,0,285,0,11,1.168,8,1.612
20 C,1,1,0,0,0,Col,14,12,0,285,0,0,750,0,12,2.915,8,1.168
20 C,1,1,0,0,0,Col,14,13,0,750,0,0,730,0,13,0.529,7,2.915
20 C,1,1,0,0,0,Col,14,14,0,730,0,0,30,0,14,0.323,8,0.529
20 C,1,1,0,0,0,Col,14,15,0,30,0,0,10,0,15,1.145,8,0.323
20 C,1,1,0,0,0,Col,14,16,0,10,0,0,20,0,16,1.637,8,1.145
20 C,1,0,0,1,0,AOP2.gsoh,15,0,4,4,0,19,5,0,0,0.4691666666666666,8,0.3753333333333333
20 C,1,0,0,1,0,AOP2.gsoh,15,1,19,5,0,111,107,0,1,0.563,8,0.4691666666666666
20 C,1,0,0,1,0,AOP2.gsoh,15,2,111,107,2,835,665,1,2,0.977,8,0.563
20 C,1,0,0,1,0,AOP2.gsoh,15,3,835,665,3,135,65,29,3,0.741,8,0.977
20 C,1,0,0,1,0,AOP2.gsoh,15,4,135,65,29,230,145,64,4,0.673,8,0.741
20 C,1,0,0,1,0,AOP2.gsoh,15,5,230,145,64,15,30,59,5,0.844,8,0.673
20 C,1,0,0,1,0,AOP2.gsoh,15,6,15,30,59,0,5,19,6,1.452,8,0.844
20 C,1,0,0,1,0,AOP2.gsoh,15,7,0,5,19,0,5,3,7,2.009,8,1.452
20 C,1,0,0,1,0,AOP2.gsoh,15,8,0,5,3,0,5,1,8,1.988,8,2.009
20 C,1,0,0,1,0,AOP2.gsoh,15,9,0,5,1,0,10,2,9,1.372,8,1.988
20 C,1,0,0,1,0,AOP2.gsoh,15,10,0,10,2,0,17,1,10,1.08,8,1.372
20 C,1,0,0,1,0,AOP2.gsoh,15,11,0,17,1,0,175,8,11,0.868,8,1.08
20 C,1,0,0,1,0,AOP2.gsoh,15,12,0,175,8,0,280,52,12,0.453,8,0.868
20 C,1,0,0,1,0,AOP2.gsoh,15,13,0,280,52,0,55,86,13,0.576,8,0.453
20 C,1,0,0,1,0,AOP2.gsoh,15,14,0,55,86,0,0,6,14,0.534,8,0.576
20 C,1,0,0,1,0,AOP2.gsoh,15,15,0,0,6,0,0,0,15,0.699,8,0.534
20 C,1,0,0,1,0,AOP2.gsoh,15,16,0,0,0,0,0,0,16,0.848,8,0.699
20 C,2,1,1,0,0,Col_gsm1,16,0,4,4,0,44,32,0,0,0.985,8,0.788
20 C,2,1,1,0,0,Col_gsm1,16,1,44,32,0,154,170,0,1,1.182,8,0.985
20 C,2,1,1,0,0,Col_gsm1,16,2,154,170,2,290,420,1,2,2.671,8,1.182
20 C,2,1,1,0,0,Col_gsm1,16,3,290,420,3,215,180,28,3,1.001,8,2.671
20 C,2,1,1,0,0,Col_gsm1,16,4,215,180,28,125,145,21,4,1.64,8,1.001
20 C,2,1,1,0,0,Col_gsm1,16,5,125,145,21,10,30,153,5,2.451,8,1.64
20 C,2,1,1,0,0,Col_gsm1,16,6,10,30,153,0,0,48,6,2.412,8,2.451
20 C,2,1,1,0,0,Col_gsm1,16,7,0,0,48,0,0,3,7,2.563,8,2.412
20 C,2,1,1,0,0,Col_gsm1,16,8,0,0,3,0,0,0,8,2.51,8,2.563
20 C,2,1,1,0,0,Col_gsm1,16,9,0,0,0,0,0,0,9,1.93,8,2.51
20 C,2,1,1,0,0,Col_gsm1,16,10,0,0,0,0,0,0,10,2.368,8,1.93
20 C,2,1,1,0,0,Col_gsm1,16,11,0,0,0,0,0,0,11,1.785,8,2.368
20 C,2,1,1,0,0,Col_gsm1,16,12,0,0,0,0,0,0,12,1.539,8,1.785
20 C,2,1,1,0,0,Col_gsm1,16,13,0,0,0,0,0,0,13,1.624,8,1.539
20 C,2,1,1,0,0,Col_gsm1,16,14,0,0,0,0,0,0,14,0.324,8,1.624
20 C,2,1,1,0,0,Col_gsm1,16,15,0,0,0,0,0,0,15,1.272,4,0.324
20 C,2,1,1,0,0,Col_gsm1,16,16,0,0,0,0,0,0,16,1.349,8,1.272
20 C,2,0,1,0,1,gsm1_AOP2,17,0,4,4,0,32,8,0,0,1.1958333333333333,8,0.9566666666666667
20 C,2,0,1,0,1,gsm1_AOP2,17,1,32,8,0,123,94,0,1,1.435,8,1.1958333333333333
20 C,2,0,1,0,1,gsm1_AOP2,17,2,123,94,2,395,240,1,2,2.702,8,1.435
20 C,2,0,1,0,1,gsm1_AOP2,17,3,395,240,3,235,200,40,3,0.597,8,2.702
20 C,2,0,1,0,1,gsm1_AOP2,17,4,235,200,40,240,65,35,4,1.282,8,0.597
20 C,2,0,1,0,1,gsm1_AOP2,17,5,240,65,35,215,67,157,5,1.348,8,1.282
20 C,2,0,1,0,1,gsm1_AOP2,17,6,215,67,157,10,25,156,6,1.565,8,1.348
20 C,2,0,1,0,1,gsm1_AOP2,17,7,10,25,156,0,5,13,7,2.272,8,1.565
20 C,2,0,1,0,1,gsm1_AOP2,17,8,0,5,13,0,5,0,8,2.379,8,2.272
20 C,2,0,1,0,1,gsm1_AOP2,17,9,0,5,0,0,5,0,9,1.394,8,2.379
20 C,2,0,1,0,1,gsm1_AOP2,17,10,0,5,0,0,27,0,10,1.633,8,1.394
20 C,2,0,1,0,1,gsm1_AOP2,17,11,0,27,0,0,315,0,11,1.164,8,1.633
20 C,2,0,1,0,1,gsm1_AOP2,17,12,0,315,0,0,475,0,12,0.366,8,1.164
20 C,2,0,1,0,1,gsm1_AOP2,17,13,0,475,0,0,410,0,13,0.353,8,0.366
20 C,2,0,1,0,1,gsm1_AOP2,17,14,0,410,0,0,75,0,14,0.224,8,0.353
20 C,2,0,1,0,1,gsm1_AOP2,17,15,0,75,0,0,5,0,15,0.92,8,0.224
20 C,2,0,1,0,1,gsm1_AOP2,17,16,0,5,0,0,40,0,16,1.15,8,0.92
20 C,2,1,0,1,0,Col_AOP2.gsoh,18,0,4,4,0,26,15,0,0,1.2916666666666667,8,1.0333333333333334
20 C,2,1,0,1,0,Col_AOP2.gsoh,18,1,26,15,0,158,194,0,1,1.55,8,1.2916666666666667
20 C,2,1,0,1,0,Col_AOP2.gsoh,18,2,158,194,2,355,487,1,2,1.615,8,1.55
20 C,2,1,0,1,0,Col_AOP2.gsoh,18,3,355,487,3,250,155,19,3,0.94,8,1.615
20 C,2,1,0,1,0,Col_AOP2.gsoh,18,4,250,155,19,202,275,32,4,1.234,8,0.94
20 C,2,1,0,1,0,Col_AOP2.gsoh,18,5,202,275,32,7,70,123,5,1.415,8,1.234
20 C,2,1,0,1,0,Col_AOP2.gsoh,18,6,7,70,123,0,10,70,6,1.63,8,1.415
20 C,2,1,0,1,0,Col_AOP2.gsoh,18,7,0,10,70,0,5,10,7,2.575,8,1.63
20 C,2,1,0,1,0,Col_AOP2.gsoh,18,8,0,5,10,0,10,1,8,1.677,8,2.575
20 C,2,1,0,1,0,Col_AOP2.gsoh,18,9,0,10,1,0,10,2,9,1.603,8,1.677
20 C,2,1,0,1,0,Col_AOP2.gsoh,18,10,0,10,2,0,42,3,10,2.013,8,1.603
20 C,2,1,0,1,0,Col_AOP2.gsoh,18,11,0,42,3,0,95,4,11,1.328,8,2.013
20 C,2,1,0,1,0,Col_AOP2.gsoh,18,12,0,95,4,0,230,49,12,0.762,8,1.328
20 C,2,1,0,1,0,Col_AOP2.gsoh,18,13,0,230,49,0,535,38,13,0.532,8,0.762
20 C,2,1,0,1,0,Col_AOP2.gsoh,18,14,0,535,38,0,75,44,14,0.16,8,0.532
20 C,2,1,0,1,0,Col_AOP2.gsoh,18,15,0,75,44,0,0,4,15,0.635,7,0.16
20 C,2,1,0,1,0,Col_AOP2.gsoh,18,16,0,0,4,0,0,0,16,1.205,7,0.635
20 C,2,0,0,1,1,AOP2_AOP2.gsoh,19,0,4,4,0,10,8,0,0,0.5983333333333333,8,0.47866666666666663
20 C,2,0,0,1,1,AOP2_AOP2.gsoh,19,1,10,8,0,56,54,0,1,0.718,8,0.5983333333333333
20 C,2,0,0,1,1,AOP2_AOP2.gsoh,19,2,56,54,2,320,352,1,2,2.19,8,0.718
20 C,2,0,0,1,1,AOP2_AOP2.gsoh,19,3,320,352,3,252,150,27,3,0.769,8,2.19
20 C,2,0,0,1,1,AOP2_AOP2.gsoh,19,4,252,150,27,340,50,39,4,0.519,8,0.769
20 C,2,0,0,1,1,AOP2_AOP2.gsoh,19,5,340,50,39,35,45,72,5,1.096,8,0.519
20 C,2,0,0,1,1,AOP2_AOP2.gsoh,19,6,35,45,72,0,0,17,6,1.187,8,1.096
20 C,2,0,0,1,1,AOP2_AOP2.gsoh,19,7,0,0,17,0,0,3,7,1.863,8,1.187
20 C,2,0,0,1,1,AOP2_AOP2.gsoh,19,8,0,0,3,0,0,0,8,1.08,8,1.863
20 C,2,0,0,1,1,AOP2_AOP2.gsoh,19,9,0,0,0,0,0,0,9,1.177,8,1.08
20 C,2,0,0,1,1,AOP2_AOP2.gsoh,19,10,0,0,0,0,0,0,10,1.383,8,1.177
20 C,2,0,0,1,1,AOP2_AOP2.gsoh,19,11,0,0,0,0,0,0,11,0.892,8,1.383
20 C,2,0,0,1,1,AOP2_AOP2.gsoh,19,12,0,0,0,0,0,0,12,0.873,8,0.892
20 C,2,0,0,1,1,AOP2_AOP2.gsoh,19,13,0,0,0,0,0,0,13,0.972,8,0.873
20 C,2,0,0,1,1,AOP2_AOP2.gsoh,19,14,0,0,0,0,0,0,14,0.661,7,0.972
20 C,2,0,0,1,1,AOP2_AOP2.gsoh,19,15,0,0,0,0,0,0,15,0.65,7,0.661
20 C,2,0,0,1,1,AOP2_AOP2.gsoh,19,16,0,0,0,0,0,0,16,0.836,8,0.65
20 C,2,0,1,0,1,gsm1_AOP2,20,0,4,4,0,39,13,0,0,1.1033333333333335,8,0.8826666666666668
20 C,2,0,1,0,1,gsm1_AOP2,20,1,39,13,0,116,90,0,1,1.324,8,1.1033333333333335
20 C,2,0,1,0,1,gsm1_AOP2,20,2,116,90,2,540,360,1,2,2.334,8,1.324
20 C,2,0,1,0,1,gsm1_AOP2,20,3,540,360,3,390,160,20,3,1.312,8,2.334
20 C,2,0,1,0,1,gsm1_AOP2,20,4,390,160,20,410,110,70,4,1.06,8,1.312
20 C,2,0,1,0,1,gsm1_AOP2,20,5,410,110,70,10,15,174,5,1.802,8,1.06
20 C,2,0,1,0,1,gsm1_AOP2,20,6,10,15,174,0,5,14,6,1.626,8,1.802
20 C,2,0,1,0,1,gsm1_AOP2,20,7,0,5,14,0,10,1,7,2.086,8,1.626
20 C,2,0,1,0,1,gsm1_AOP2,20,8,0,10,1,0,60,1,8,1.479,8,2.086
20 C,2,0,1,0,1,gsm1_AOP2,20,9,0,60,1,0,760,1,9,1.724,8,1.479
20 C,2,0,1,0,1,gsm1_AOP2,20,10,0,760,1,0,885,26,10,0.853,8,1.724
20 C,2,0,1,0,1,gsm1_AOP2,20,11,0,885,26,0,250,4,11,0.381,8,0.853
20 C,2,0,1,0,1,gsm1_AOP2,20,12,0,250,4,0,620,0,12,0.411,8,0.381
20 C,2,0,1,0,1,gsm1_AOP2,20,13,0,620,0,0,590,0,13,0.402,8,0.411
20 C,2,0,1,0,1,gsm1_AOP2,20,14,0,590,0,0,35,0,14,0.11,8,0.402
20 C,2,0,1,0,1,gsm1_AOP2,20,15,0,35,0,0,10,0,15,0.614,7,0.11
20 C,2,0,1,0,1,gsm1_AOP2,20,16,0,10,0,0,45,0,16,1.244,8,0.614
20 C,2,1,0,0,1,Col_AOP2,21,0,4,4,0,42,5,0,0,0.6433333333333333,8,0.5146666666666666
20 C,2,1,0,0,1,Col_AOP2,21,1,42,5,0,157,182,0,1,0.772,8,0.6433333333333333
20 C,2,1,0,0,1,Col_AOP2,21,2,157,182,2,405,495,1,2,1.451,8,0.772
20 C,2,1,0,0,1,Col_AOP2,21,3,405,495,3,250,160,23,3,0.927,8,1.451
20 C,2,1,0,0,1,Col_AOP2,21,4,250,160,23,135,55,21,4,1.074,8,0.927
20 C,2,1,0,0,1,Col_AOP2,21,5,135,55,21,15,30,115,5,2.007,8,1.074
20 C,2,1,0,0,1,Col_AOP2,21,6,15,30,115,0,0,28,6,1.799,8,2.007
20 C,2,1,0,0,1,Col_AOP2,21,7,0,0,28,0,0,0,7,2.088,8,1.799
20 C,2,1,0,0,1,Col_AOP2,21,8,0,0,0,0,0,0,8,2.644,8,2.088
20 C,2,1,0,0,1,Col_AOP2,21,9,0,0,0,0,0,0,9,2.034,8,2.644
20 C,2,1,0,0,1,Col_AOP2,21,10,0,0,0,0,0,0,10,1.952,8,2.034
20 C,2,1,0,0,1,Col_AOP2,21,11,0,0,0,0,0,0,11,1.377,8,1.952
20 C,2,1,0,0,1,Col_AOP2,21,12,0,0,0,0,0,0,12,1.191,8,1.377
20 C,2,1,0,0,1,Col_AOP2,21,13,0,0,0,0,0,0,13,1.255,7,1.191
20 C,2,1,0,0,1,Col_AOP2,21,14,0,0,0,0,0,0,14,0.429,8,1.255
20 C,2,1,0,0,1,Col_AOP2,21,15,0,0,0,0,0,0,15,0.812,8,0.429
20 C,2,1,0,0,1,Col_AOP2,21,16,0,0,0,0,0,0,16,0.471,8,0.812
20 C,1,0,0,1,0,AOP2.gsoh,22,0,4,4,0,16,5,0,0,0.6525000000000001,8,0.522
20 C,1,0,0,1,0,AOP2.gsoh,22,1,16,5,0,59,61,0,1,0.783,8,0.6525000000000001
20 C,1,0,0,1,0,AOP2.gsoh,22,2,59,61,2,290,177,1,2,1.814,8,0.783
20 C,1,0,0,1,0,AOP2.gsoh,22,3,290,177,3,302,165,33,3,0.957,8,1.814
20 C,1,0,0,1,0,AOP2.gsoh,22,4,302,165,33,212,50,77,4,0.69,8,0.957
20 C,1,0,0,1,0,AOP2.gsoh,22,5,212,50,77,10,35,72,5,1.017,8,0.69
20 C,1,0,0,1,0,AOP2.gsoh,22,6,10,35,72,0,5,7,6,1.411,8,1.017
20 C,1,0,0,1,0,AOP2.gsoh,22,7,0,5,7,0,5,0,7,1.466,8,1.411
20 C,1,0,0,1,0,AOP2.gsoh,22,8,0,5,0,0,35,0,8,1.074,8,1.466
20 C,1,0,0,1,0,AOP2.gsoh,22,9,0,35,0,0,555,0,9,0.7,8,1.074
20 C,1,0,0,1,0,AOP2.gsoh,22,10,0,555,0,0,882,0,10,0.632,8,0.7
20 C,1,0,0,1,0,AOP2.gsoh,22,11,0,882,0,0,450,0,11,0.337,8,0.632
20 C,1,0,0,1,0,AOP2.gsoh,22,12,0,450,0,0,415,0,12,0.265,8,0.337
20 C,1,0,0,1,0,AOP2.gsoh,22,13,0,415,0,0,590,0,13,0.47,7,0.265
20 C,1,0,0,1,0,AOP2.gsoh,22,14,0,590,0,0,30,0,14,0.191,8,0.47
20 C,1,0,0,1,0,AOP2.gsoh,22,15,0,30,0,0,10,0,15,0.64,8,0.191
20 C,1,0,0,1,0,AOP2.gsoh,22,16,0,10,0,0,70,0,16,0.423,8,0.64
20 C,2,0,0,1,1,AOP2_AOP2.gsoh,23,0,4,4,0,13,5,0,0,0.3416666666666667,8,0.2733333333333333
20 C,2,0,0,1,1,AOP2_AOP2.gsoh,23,1,13,5,0,96,158,0,1,0.41,8,0.3416666666666667
20 C,2,0,0,1,1,AOP2_AOP2.gsoh,23,2,96,158,2,75,810,1,2,0.813,8,0.41
20 C,2,0,0,1,1,AOP2_AOP2.gsoh,23,3,75,810,3,220,265,20,3,0.695,8,0.813
20 C,2,0,0,1,1,AOP2_AOP2.gsoh,23,4,220,265,20,55,100,32,4,0.69,8,0.695
20 C,2,0,0,1,1,AOP2_AOP2.gsoh,23,5,55,100,32,10,70,95,5,1.212,8,0.69
20 C,2,0,0,1,1,AOP2_AOP2.gsoh,23,6,10,70,95,0,5,16,6,1.233,8,1.212
20 C,2,0,0,1,1,AOP2_AOP2.gsoh,23,7,0,5,16,0,5,4,7,1.49,8,1.233
20 C,2,0,0,1,1,AOP2_AOP2.gsoh,23,8,0,5,4,0,5,3,8,1.152,8,1.49
20 C,2,0,0,1,1,AOP2_AOP2.gsoh,23,9,0,5,3,0,25,3,9,1.018,8,1.152
20 C,2,0,0,1,1,AOP2_AOP2.gsoh,23,10,0,25,3,0,62,5,10,1.365,8,1.018
20 C,2,0,0,1,1,AOP2_AOP2.gsoh,23,11,0,62,5,0,215,1,11,0.429,8,1.365
20 C,2,0,0,1,1,AOP2_AOP2.gsoh,23,12,0,215,1,0,365,1,12,0.377,8,0.429
20 C,2,0,0,1,1,AOP2_AOP2.gsoh,23,13,0,365,1,0,355,9,13,0.313,8,0.377
20 C,2,0,0,1,1,AOP2_AOP2.gsoh,23,14,0,355,9,0,65,19,14,0.226,8,0.313
20 C,2,0,0,1,1,AOP2_AOP2.gsoh,23,15,0,65,19,0,25,0,15,0.414,8,0.226
20 C,2,0,0,1,1,AOP2_AOP2.gsoh,23,16,0,25,0,0,180,0,16,0.672,8,0.414
20 C,1,0,1,0,0,gsm1,24,0,4,4,0,33,14,0,0,1.4775,8,1.182
20 C,1,0,1,0,0,gsm1,24,1,33,14,0,98,97,0,1,1.773,8,1.4775
20 C,1,0,1,0,0,gsm1,24,2,98,97,2,560,450,1,2,2.588,8,1.773
20 C,1,0,1,0,0,gsm1,24,3,560,450,3,220,135,31,3,1.038,8,2.588
20 C,1,0,1,0,0,gsm1,24,4,220,135,31,315,280,23,4,1.454,8,1.038
20 C,1,0,1,0,0,gsm1,24,5,315,280,23,70,115,80,5,1.652,8,1.454
20 C,1,0,1,0,0,gsm1,24,6,70,115,80,50,20,69,6,2.342,8,1.652
20 C,1,0,1,0,0,gsm1,24,7,50,20,69,0,0,39,7,2.505,8,2.342
20 C,1,0,1,0,0,gsm1,24,8,0,0,39,0,0,0,8,2.814,8,2.505
20 C,1,0,1,0,0,gsm1,24,9,0,0,0,0,0,0,9,1.758,8,2.814
20 C,1,0,1,0,0,gsm1,24,10,0,0,0,0,0,0,10,1.925,8,1.758
20 C,1,0,1,0,0,gsm1,24,11,0,0,0,0,0,0,11,1.595,8,1.925
20 C,1,0,1,0,0,gsm1,24,12,0,0,0,0,0,0,12,1.362,8,1.595
20 C,1,0,1,0,0,gsm1,24,13,0,0,0,0,0,0,13,1.266,8,1.362
20 C,1,0,1,0,0,gsm1,24,14,0,0,0,0,0,0,14,0.113,7,1.266
20 C,1,0,1,0,0,gsm1,24,15,0,0,0,0,0,0,15,0.909,5,0.113
20 C,1,0,1,0,0,gsm1,24,16,0,0,0,0,0,0,16,0.745,8,0.909
20 C,1,0,0,0,1,AOP2,25,0,4,4,0,17,5,0,0,0.5608333333333334,8,0.4486666666666667
20 C,1,0,0,0,1,AOP2,25,1,17,5,0,116,109,0,1,0.673,8,0.5608333333333334
20 C,1,0,0,0,1,AOP2,25,2,116,109,2,190,575,1,2,1.177,8,0.673
20 C,1,0,0,0,1,AOP2,25,3,190,575,3,180,275,18,3,0.844,8,1.177
20 C,1,0,0,0,1,AOP2,25,4,180,275,18,90,165,22,4,0.533,8,0.844
20 C,1,0,0,0,1,AOP2,25,5,90,165,22,0,110,68,5,0.741,8,0.533
20 C,1,0,0,0,1,AOP2,25,6,0,110,68,0,10,13,6,1.269,8,0.741
20 C,1,0,0,0,1,AOP2,25,7,0,10,13,0,0,3,7,1.626,8,1.269
20 C,1,0,0,0,1,AOP2,25,8,0,0,3,0,0,3,8,1.382,8,1.626
20 C,1,0,0,0,1,AOP2,25,9,0,0,3,0,0,0,9,1.322,8,1.382
20 C,1,0,0,0,1,AOP2,25,10,0,0,0,0,0,0,10,1.393,8,1.322
20 C,1,0,0,0,1,AOP2,25,11,0,0,0,0,0,0,11,0.714,8,1.393
20 C,1,0,0,0,1,AOP2,25,12,0,0,0,0,0,0,12,1.159,8,0.714
20 C,1,0,0,0,1,AOP2,25,13,0,0,0,0,0,0,13,1.046,8,1.159
20 C,1,0,0,0,1,AOP2,25,14,0,0,0,0,0,0,14,0.397,8,1.046
20 C,1,0,0,0,1,AOP2,25,15,0,0,0,0,0,0,15,0.895,6,0.397
20 C,1,0,0,0,1,AOP2,25,16,0,0,0,0,0,0,16,0.711,8,0.895
20 C,1,1,0,0,0,Col,26,0,4,4,0,22,41,0,0,1.5908333333333333,8,1.2726666666666666
20 C,1,1,0,0,0,Col,26,1,22,41,0,109,197,0,1,1.909,8,1.5908333333333333
20 C,1,1,0,0,0,Col,26,2,109,197,2,495,740,1,2,2.315,8,1.909
20 C,1,1,0,0,0,Col,26,3,495,740,3,240,237,22,3,1.35,8,2.315
20 C,1,1,0,0,0,Col,26,4,240,237,22,240,140,50,4,2.009,8,1.35
20 C,1,1,0,0,0,Col,26,5,240,140,50,25,40,126,5,2.384,8,2.009
20 C,1,1,0,0,0,Col,26,6,25,40,126,0,20,85,6,2.547,8,2.384
20 C,1,1,0,0,0,Col,26,7,0,20,85,0,0,6,7,2.867,8,2.547
20 C,1,1,0,0,0,Col,26,8,0,0,6,0,0,0,8,2.622,8,2.867
20 C,1,1,0,0,0,Col,26,9,0,0,0,0,0,0,9,2.119,8,2.622
20 C,1,1,0,0,0,Col,26,10,0,0,0,0,0,0,10,2.593,8,2.119
20 C,1,1,0,0,0,Col,26,11,0,0,0,0,0,0,11,1.761,8,2.593
20 C,1,1,0,0,0,Col,26,12,0,0,0,0,0,0,12,1.767,8,1.761
20 C,1,1,0,0,0,Col,26,13,0,0,0,0,0,0,13,1.45,8,1.767
20 C,1,1,0,0,0,Col,26,14,0,0,0,0,0,0,14,0.656,8,1.45
20 C,1,1,0,0,0,Col,26,15,0,0,0,0,0,0,15,1.11,6,0.656
20 C,1,1,0,0,0,Col,26,16,0,0,0,0,0,0,16,1.134,8,1.11
20 C,2,1,0,0,1,Col_AOP2,27,0,4,4,0,33,23,0,0,1.5391666666666666,8,1.2313333333333332
20 C,2,1,0,0,1,Col_AOP2,27,1,33,23,0,87,175,0,1,1.847,8,1.5391666666666666
20 C,2,1,0,0,1,Col_AOP2,27,2,87,175,2,385,400,1,2,1.837,8,1.847
20 C,2,1,0,0,1,Col_AOP2,27,3,385,400,3,207,152,16,3,0.932,8,1.837
20 C,2,1,0,0,1,Col_AOP2,27,4,207,152,16,80,220,23,4,1.323,8,0.932
20 C,2,1,0,0,1,Col_AOP2,27,5,80,220,23,12,190,126,5,1.22,8,1.323
20 C,2,1,0,0,1,Col_AOP2,27,6,12,190,126,0,40,95,6,1.691,8,1.22
20 C,2,1,0,0,1,Col_AOP2,27,7,0,40,95,0,0,16,7,2.098,8,1.691
20 C,2,1,0,0,1,Col_AOP2,27,8,0,0,16,0,0,2,8,2.125,8,2.098
20 C,2,1,0,0,1,Col_AOP2,27,9,0,0,2,0,0,0,9,1.887,8,2.125
20 C,2,1,0,0,1,Col_AOP2,27,10,0,0,0,0,0,0,10,2.096,8,1.887
20 C,2,1,0,0,1,Col_AOP2,27,11,0,0,0,0,0,0,11,1.483,8,2.096
20 C,2,1,0,0,1,Col_AOP2,27,12,0,0,0,0,0,0,12,1.631,8,1.483
20 C,2,1,0,0,1,Col_AOP2,27,13,0,0,0,0,0,0,13,1.294,8,1.631
20 C,2,1,0,0,1,Col_AOP2,27,14,0,0,0,0,0,0,14,0.992,8,1.294
20 C,2,1,0,0,1,Col_AOP2,27,15,0,0,0,0,0,0,15,0.66,8,0.992
20 C,2,1,0,0,1,Col_AOP2,27,16,0,0,0,0,0,0,16,1.202,8,0.66
20 C,2,1,0,1,0,Col_AOP2.gsoh,28,0,4,4,0,22,26,0,0,1.2208333333333334,8,0.9766666666666668
20 C,2,1,0,1,0,Col_AOP2.gsoh,28,1,22,26,0,120,203,0,1,1.465,8,1.2208333333333334
20 C,2,1,0,1,0,Col_AOP2.gsoh,28,2,120,203,2,510,480,1,2,1.898,8,1.465
20 C,2,1,0,1,0,Col_AOP2.gsoh,28,3,510,480,3,210,135,25,3,1.164,8,1.898
20 C,2,1,0,1,0,Col_AOP2.gsoh,28,4,210,135,25,100,80,24,4,1.298,8,1.164
20 C,2,1,0,1,0,Col_AOP2.gsoh,28,5,100,80,24,0,25,69,5,1.714,8,1.298
20 C,2,1,0,1,0,Col_AOP2.gsoh,28,6,0,25,69,0,10,32,6,2.04,8,1.714
20 C,2,1,0,1,0,Col_AOP2.gsoh,28,7,0,10,32,0,0,4,7,2.426,8,2.04
20 C,2,1,0,1,0,Col_AOP2.gsoh,28,8,0,0,4,0,0,0,8,2.447,8,2.426
20 C,2,1,0,1,0,Col_AOP2.gsoh,28,9,0,0,0,0,0,0,9,1.924,8,2.447
20 C,2,1,0,1,0,Col_AOP2.gsoh,28,10,0,0,0,0,0,0,10,1.619,8,1.924
20 C,2,1,0,1,0,Col_AOP2.gsoh,28,11,0,0,0,0,0,0,11,1.18,8,1.619
20 C,2,1,0,1,0,Col_AOP2.gsoh,28,12,0,0,0,0,0,0,12,1.346,8,1.18
20 C,2,1,0,1,0,Col_AOP2.gsoh,28,13,0,0,0,0,0,0,13,1.084,8,1.346
20 C,2,1,0,1,0,Col_AOP2.gsoh,28,14,0,0,0,0,0,0,14,0.485,8,1.084
20 C,2,1,0,1,0,Col_AOP2.gsoh,28,15,0,0,0,0,0,0,15,0.575,6,0.485
20 C,2,1,0,1,0,Col_AOP2.gsoh,28,16,0,0,0,0,0,0,16,0.345,7,0.575
20 C,2,0,1,1,0,gsm1_AOP2.gsoh,29,0,4,4,0,32,13,0,0,1.065,8,0.852
20 C,2,0,1,1,0,gsm1_AOP2.gsoh,29,1,32,13,0,109,80,0,1,1.278,8,1.065
20 C,2,0,1,1,0,gsm1_AOP2.gsoh,29,2,109,80,2,135,495,1,2,2.734,8,1.278
20 C,2,0,1,1,0,gsm1_AOP2.gsoh,29,3,135,495,3,240,135,32,3,0.876,8,2.734
20 C,2,0,1,1,0,gsm1_AOP2.gsoh,29,4,240,135,32,215,50,48,4,1.03,8,0.876
20 C,2,0,1,1,0,gsm1_AOP2.gsoh,29,5,215,50,48,0,35,179,5,1.761,8,1.03
20 C,2,0,1,1,0,gsm1_AOP2.gsoh,29,6,0,35,179,0,5,15,6,2.054,8,1.761
20 C,2,0,1,1,0,gsm1_AOP2.gsoh,29,7,0,5,15,0,25,1,7,1.736,8,2.054
20 C,2,0,1,1,0,gsm1_AOP2.gsoh,29,8,0,25,1,0,40,1,8,1.923,8,1.736
20 C,2,0,1,1,0,gsm1_AOP2.gsoh,29,9,0,40,1,0,50,1,9,1.352,8,1.923
20 C,2,0,1,1,0,gsm1_AOP2.gsoh,29,10,0,50,1,0,255,37,10,1.48,8,1.352
20 C,2,0,1,1,0,gsm1_AOP2.gsoh,29,11,0,255,37,0,515,4,11,0.56,8,1.48
20 C,2,0,1,1,0,gsm1_AOP2.gsoh,29,12,0,515,4,0,110,142,12,0.381,8,0.56
20 C,2,0,1,1,0,gsm1_AOP2.gsoh,29,13,0,110,142,0,20,16,13,1.07,8,0.381
20 C,2,0,1,1,0,gsm1_AOP2.gsoh,29,14,0,20,16,0,0,0,14,0.715,8,1.07
20 C,2,0,1,1,0,gsm1_AOP2.gsoh,29,15,0,0,0,0,0,0,15,0.988,8,0.715
20 C,2,0,1,1,0,gsm1_AOP2.gsoh,29,16,0,0,0,0,0,0,16,1.138,8,0.988
20 C,2,1,1,0,0,Col_gsm1,30,0,4,4,0,23,9,0,0,1.5033333333333334,8,1.2026666666666668
20 C,2,1,1,0,0,Col_gsm1,30,1,23,9,0,91,82,0,1,1.804,8,1.5033333333333334
20 C,2,1,1,0,0,Col_gsm1,30,2,91,82,2,540,240,1,2,2.636,8,1.804
20 C,2,1,1,0,0,Col_gsm1,30,3,540,240,3,440,50,22,3,1.39,8,2.636
20 C,2,1,1,0,0,Col_gsm1,30,4,440,50,22,295,120,29,4,1.463,8,1.39
20 C,2,1,1,0,0,Col_gsm1,30,5,295,120,29,165,255,286,5,1.259,8,1.463
20 C,2,1,1,0,0,Col_gsm1,30,6,165,255,286,140,145,282,6,1.286,8,1.259
20 C,2,1,1,0,0,Col_gsm1,30,7,140,145,282,0,10,75,7,2.542,8,1.286
20 C,2,1,1,0,0,Col_gsm1,30,8,0,10,75,0,5,5,8,2.222,8,2.542
20 C,2,1,1,0,0,Col_gsm1,30,9,0,5,5,0,5,1,9,1.586,8,2.222
20 C,2,1,1,0,0,Col_gsm1,30,10,0,5,1,0,5,1,10,2.125,8,1.586
20 C,2,1,1,0,0,Col_gsm1,30,11,0,5,1,0,20,1,11,1.684,8,2.125
20 C,2,1,1,0,0,Col_gsm1,30,12,0,20,1,0,595,6,12,1.073,8,1.684
20 C,2,1,1,0,0,Col_gsm1,30,13,0,595,6,0,450,0,13,0.347,8,1.073
20 C,2,1,1,0,0,Col_gsm1,30,14,0,450,0,0,110,0,14,0.19,8,0.347
20 C,2,1,1,0,0,Col_gsm1,30,15,0,110,0,0,5,0,15,0.613,8,0.19
20 C,2,1,1,0,0,Col_gsm1,30,16,0,5,0,0,75,0,16,0.979,8,0.613
23 C,2,0,1,0,1,gsm1_AOP2,31,0,4,4,0,28,38,0,0,0.5991666666666666,8,0.4793333333333333
23 C,2,0,1,0,1,gsm1_AOP2,31,1,28,38,0,228,507,0,1,0.719,8,0.5991666666666666
23 C,2,0,1,0,1,gsm1_AOP2,31,2,228,507,2,52,695,1,2,1.198,8,0.719
23 C,2,0,1,0,1,gsm1_AOP2,31,3,52,695,3,15,170,18,3,0.813,8,1.198
23 C,2,0,1,0,1,gsm1_AOP2,31,4,15,170,18,5,77,4,4,1.489,8,0.813
23 C,2,0,1,0,1,gsm1_AOP2,31,5,5,77,4,10,167,19,5,1.748,8,1.489
23 C,2,0,1,0,1,gsm1_AOP2,31,6,10,167,19,0,30,191,6,1.616,8,1.748
23 C,2,0,1,0,1,gsm1_AOP2,31,7,0,30,191,0,5,17,7,2.423,8,1.616
23 C,2,0,1,0,1,gsm1_AOP2,31,8,0,5,17,0,5,3,8,2.301,8,2.423
23 C,2,0,1,0,1,gsm1_AOP2,31,9,0,5,3,0,5,1,9,1.462,8,2.301
23 C,2,0,1,0,1,gsm1_AOP2,31,10,0,5,1,0,12,1,10,1.606,8,1.462
23 C,2,0,1,0,1,gsm1_AOP2,31,11,0,12,1,0,135,1,11,0.835,8,1.606
23 C,2,0,1,0,1,gsm1_AOP2,31,12,0,135,1,0,680,95,12,0.331,8,0.835
23 C,2,0,1,0,1,gsm1_AOP2,31,13,0,680,95,0,180,0,13,0.247,8,0.331
23 C,2,0,1,0,1,gsm1_AOP2,31,14,0,180,0,0,165,0,14,0.186,8,0.247
23 C,2,0,1,0,1,gsm1_AOP2,31,15,0,165,0,0,215,0,15,0.196,7,0.186
23 C,2,0,1,0,1,gsm1_AOP2,31,16,0,215,0,0,5,0,16,0.22,8,0.196
23 C,1,1,0,0,0,Col,32,0,4,4,0,37,48,0,0,1.2208333333333334,8,0.9766666666666668
23 C,1,1,0,0,0,Col,32,1,37,48,0,261,416,0,1,1.465,8,1.2208333333333334
23 C,1,1,0,0,0,Col,32,2,261,416,2,100,837,1,2,1.304,8,1.465
23 C,1,1,0,0,0,Col,32,3,100,837,3,17,155,13,3,1.011,8,1.304
23 C,1,1,0,0,0,Col,32,4,17,155,13,0,20,5,4,2.335,8,1.011
23 C,1,1,0,0,0,Col,32,5,0,20,5,0,25,6,5,2.707,8,2.335
23 C,1,1,0,0,0,Col,32,6,0,25,6,0,5,19,6,3.043,8,2.707
23 C,1,1,0,0,0,Col,32,7,0,5,19,0,10,17,7,3.009,8,3.043
23 C,1,1,0,0,0,Col,32,8,0,10,17,0,10,1,8,3.301,8,3.009
23 C,1,1,0,0,0,Col,32,9,0,10,1,0,5,2,9,1.971,8,3.301
23 C,1,1,0,0,0,Col,32,10,0,5,2,0,312,9,10,1.704,8,1.971
23 C,1,1,0,0,0,Col,32,11,0,312,9,0,410,181,11,0.618,8,1.704
23 C,1,1,0,0,0,Col,32,12,0,410,181,0,35,43,12,0.691,8,0.618
23 C,1,1,0,0,0,Col,32,13,0,35,43,0,40,134,13,1.032,8,0.691
23 C,1,1,0,0,0,Col,32,14,0,40,134,0,5,0,14,1.265,8,1.032
23 C,1,1,0,0,0,Col,32,15,0,5,0,0,5,0,15,1.245,8,1.265
23 C,1,1,0,0,0,Col,32,16,0,5,0,0,10,0,16,1.626,8,1.245
23 C,1,1,0,0,0,Col,33,0,4,4,0,27,49,0,0,1.2125000000000001,8,0.9700000000000001
23 C,1,1,0,0,0,Col,33,1,27,49,0,177,570,0,1,1.455,8,1.2125000000000001
23 C,1,1,0,0,0,Col,33,2,177,570,2,140,885,3,2,1.442,8,1.455
23 C,1,1,0,0,0,Col,33,3,140,885,5,15,205,10,3,1.003,8,1.442
23 C,1,1,0,0,0,Col,33,4,15,205,10,0,15,5,4,2.111,8,1.003
23 C,1,1,0,0,0,Col,33,5,0,15,5,0,210,23,5,2.765,8,2.111
23 C,1,1,0,0,0,Col,33,6,0,210,23,0,10,117,6,2.982,8,2.765
23 C,1,1,0,0,0,Col,33,7,0,10,117,0,10,75,7,3.47,8,2.982
23 C,1,1,0,0,0,Col,33,8,0,10,75,0,10,7,8,3.306,8,3.47
23 C,1,1,0,0,0,Col,33,9,0,10,7,0,5,0,9,1.615,8,3.306
23 C,1,1,0,0,0,Col,33,10,0,5,0,0,212,0,10,1.664,8,1.615
23 C,1,1,0,0,0,Col,33,11,0,212,0,0,755,0,11,0.689,8,1.664
23 C,1,1,0,0,0,Col,33,12,0,755,0,0,95,0,12,4.78,8,0.689
23 C,1,1,0,0,0,Col,33,13,0,95,0,0,395,0,13,0.94,8,4.78
23 C,1,1,0,0,0,Col,33,14,0,395,0,0,185,0,14,0.263,8,0.94
23 C,1,1,0,0,0,Col,33,15,0,185,0,0,230,0,15,0.318,8,0.263
23 C,1,1,0,0,0,Col,33,16,0,230,0,0,215,0,16,0.365,8,0.318
23 C,2,1,0,1,0,Col_AOP2.gsoh,34,0,4,4,0,27,48,0,0,0.6233333333333333,8,0.49866666666666665
23 C,2,1,0,1,0,Col_AOP2.gsoh,34,1,27,48,0,259,678,0,1,0.748,8,0.6233333333333333
23 C,2,1,0,1,0,Col_AOP2.gsoh,34,2,259,678,2,100,620,1,2,1.171,8,0.748
23 C,2,1,0,1,0,Col_AOP2.gsoh,34,3,100,620,3,27,282,18,3,0.902,8,1.171
23 C,2,1,0,1,0,Col_AOP2.gsoh,34,4,27,282,18,15,152,7,4,1.209,8,0.902
23 C,2,1,0,1,0,Col_AOP2.gsoh,34,5,15,152,7,0,185,51,5,1.432,8,1.209
23 C,2,1,0,1,0,Col_AOP2.gsoh,34,6,0,185,51,0,60,217,6,1.502,8,1.432
23 C,2,1,0,1,0,Col_AOP2.gsoh,34,7,0,60,217,0,20,94,7,2.228,8,1.502
23 C,2,1,0,1,0,Col_AOP2.gsoh,34,8,0,20,94,0,5,0,8,2.473,8,2.228
23 C,2,1,0,1,0,Col_AOP2.gsoh,34,9,0,5,0,0,10,0,9,1.145,8,2.473
23 C,2,1,0,1,0,Col_AOP2.gsoh,34,10,0,10,0,0,590,0,10,1.647,8,1.145
23 C,2,1,0,1,0,Col_AOP2.gsoh,34,11,0,590,0,0,605,0,11,0.36,8,1.647
23 C,2,1,0,1,0,Col_AOP2.gsoh,34,12,0,605,0,0,175,0,12,0.358,8,0.36
23 C,2,1,0,1,0,Col_AOP2.gsoh,34,13,0,175,0,0,365,0,13,0.275,7,0.358
23 C,2,1,0,1,0,Col_AOP2.gsoh,34,14,0,365,0,0,315,0,14,0.321,8,0.275
23 C,2,1,0,1,0,Col_AOP2.gsoh,34,15,0,315,0,0,155,0,15,0.253,7,0.321
23 C,2,1,0,1,0,Col_AOP2.gsoh,34,16,0,155,0,0,320,0,16,0.406,6,0.253
23 C,2,0,0,1,1,AOP2_AOP2.gsoh,35,0,4,4,0,31,13,0,0,0.5283333333333333,8,0.42266666666666663
23 C,2,0,0,1,1,AOP2_AOP2.gsoh,35,1,31,13,0,249,324,0,1,0.634,8,0.5283333333333333
23 C,2,0,0,1,1,AOP2_AOP2.gsoh,35,2,249,324,2,275,470,1,2,0.776,8,0.634
23 C,2,0,0,1,1,AOP2_AOP2.gsoh,35,3,275,470,3,92,110,21,3,0.584,8,0.776
23 C,2,0,0,1,1,AOP2_AOP2.gsoh,35,4,92,110,21,10,10,19,4,1.138,8,0.584
23 C,2,0,0,1,1,AOP2_AOP2.gsoh,35,5,10,10,19,0,5,6,5,1.331,8,1.138
23 C,2,0,0,1,1,AOP2_AOP2.gsoh,35,6,0,5,6,0,5,0,6,1.331,8,1.331
23 C,2,0,0,1,1,AOP2_AOP2.gsoh,35,7,0,5,0,0,5,0,7,1.281,8,1.331
23 C,2,0,0,1,1,AOP2_AOP2.gsoh,35,8,0,5,0,0,20,0,8,1.484,8,1.281
23 C,2,0,0,1,1,AOP2_AOP2.gsoh,35,9,0,20,0,0,100,0,9,0.986,8,1.484
23 C,2,0,0,1,1,AOP2_AOP2.gsoh,35,10,0,100,0,0,880,0,10,0.76,8,0.986
23 C,2,0,0,1,1,AOP2_AOP2.gsoh,35,11,0,880,0,0,315,0,11,0.201,8,0.76
23 C,2,0,0,1,1,AOP2_AOP2.gsoh,35,12,0,315,0,0,580,0,12,0.252,8,0.201
23 C,2,0,0,1,1,AOP2_AOP2.gsoh,35,13,0,580,0,0,375,0,13,0.345,8,0.252
23 C,2,0,0,1,1,AOP2_AOP2.gsoh,35,14,0,375,0,0,225,0,14,0.2,8,0.345
23 C,2,0,0,1,1,AOP2_AOP2.gsoh,35,15,0,225,0,0,155,0,15,0.442,7,0.2
23 C,2,0,0,1,1,AOP2_AOP2.gsoh,35,16,0,155,0,0,10,0,16,0.302,8,0.442
23 C,2,0,1,1,0,gsm1_AOP2.gsoh,36,0,4,4,0,42,72,0,0,0.5925,8,0.47400000000000003
23 C,2,0,1,1,0,gsm1_AOP2.gsoh,36,1,42,72,0,193,599,0,1,0.711,8,0.5925
23 C,2,0,1,1,0,gsm1_AOP2.gsoh,36,2,193,599,2,155,715,2,2,0.946,8,0.711
23 C,2,0,1,1,0,gsm1_AOP2.gsoh,36,3,155,715,4,0,30,15,3,0.768,8,0.946
23 C,2,0,1,1,0,gsm1_AOP2.gsoh,36,4,0,30,15,0,15,1,4,1.682,8,0.768
23 C,2,0,1,1,0,gsm1_AOP2.gsoh,36,5,0,15,1,0,5,2,5,1.914,8,1.682
23 C,2,0,1,1,0,gsm1_AOP2.gsoh,36,6,0,5,2,0,10,2,6,2.149,8,1.914
23 C,2,0,1,1,0,gsm1_AOP2.gsoh,36,7,0,10,2,0,10,3,7,1.998,8,2.149
23 C,2,0,1,1,0,gsm1_AOP2.gsoh,36,8,0,10,3,0,5,1,8,1.842,8,1.998
23 C,2,0,1,1,0,gsm1_AOP2.gsoh,36,9,0,5,1,0,45,1,9,1.599,8,1.842
23 C,2,0,1,1,0,gsm1_AOP2.gsoh,36,10,0,45,1,0,230,16,10,1.388,8,1.599
23 C,2,0,1,1,0,gsm1_AOP2.gsoh,36,11,0,230,16,0,300,90,11,0.592,8,1.388
23 C,2,0,1,1,0,gsm1_AOP2.gsoh,36,12,0,300,90,0,145,111,12,0.239,8,0.592
23 C,2,0,1,1,0,gsm1_AOP2.gsoh,36,13,0,145,111,0,10,21,13,1.023,8,0.239
23 C,2,0,1,1,0,gsm1_AOP2.gsoh,36,14,0,10,21,0,0,0,14,0.713,8,1.023
23 C,2,0,1,1,0,gsm1_AOP2.gsoh,36,15,0,0,0,0,0,0,15,0.815,6,0.713
23 C,2,0,1,1,0,gsm1_AOP2.gsoh,36,16,0,0,0,0,0,0,16,1.266,8,0.815
23 C,2,0,1,1,0,gsm1_AOP2.gsoh,37,0,4,4,0,8,25,0,0,0.7066666666666667,8,0.5653333333333334
23 C,2,0,1,1,0,gsm1_AOP2.gsoh,37,1,8,25,0,83,440,0,1,0.848,8,0.7066666666666667
23 C,2,0,1,1,0,gsm1_AOP2.gsoh,37,2,83,440,2,70,835,7,2,1.006,8,0.848
23 C,2,0,1,1,0,gsm1_AOP2.gsoh,37,3,70,835,9,7,85,15,3,0.718,8,1.006
23 C,2,0,1,1,0,gsm1_AOP2.gsoh,37,4,7,85,15,7,42,15,4,1.397,8,0.718
23 C,2,0,1,1,0,gsm1_AOP2.gsoh,37,5,7,42,15,0,12,7,5,2.241,8,1.397
23 C,2,0,1,1,0,gsm1_AOP2.gsoh,37,6,0,12,7,0,5,3,6,2.11,8,2.241
23 C,2,0,1,1,0,gsm1_AOP2.gsoh,37,7,0,5,3,0,10,3,7,1.722,8,2.11
23 C,2,0,1,1,0,gsm1_AOP2.gsoh,37,8,0,10,3,0,5,1,8,2.052,8,1.722
23 C,2,0,1,1,0,gsm1_AOP2.gsoh,37,9,0,5,1,0,135,6,9,1.351,8,2.052
23 C,2,0,1,1,0,gsm1_AOP2.gsoh,37,10,0,135,6,0,527,31,10,0.834,8,1.351
23 C,2,0,1,1,0,gsm1_AOP2.gsoh,37,11,0,527,31,0,110,154,11,0.267,8,0.834
23 C,2,0,1,1,0,gsm1_AOP2.gsoh,37,12,0,110,154,0,5,12,12,0.777,8,0.267
23 C,2,0,1,1,0,gsm1_AOP2.gsoh,37,13,0,5,12,0,10,2,13,0.988,8,0.777
23 C,2,0,1,1,0,gsm1_AOP2.gsoh,37,14,0,10,2,0,10,1,14,0.698,8,0.988
23 C,2,0,1,1,0,gsm1_AOP2.gsoh,37,15,0,10,1,0,265,1,15,0.422,8,0.698
23 C,2,0,1,1,0,gsm1_AOP2.gsoh,37,16,0,265,1,0,265,1,16,0.305,8,0.422
23 C,4,1,1,1,1,Poly,38,0,4,4,0,26,19,0,0,0.6266666666666667,8,0.5013333333333334
23 C,4,1,1,1,1,Poly,38,1,26,19,0,244,479,0,1,0.752,8,0.6266666666666667
23 C,4,1,1,1,1,Poly,38,2,244,479,2,180,1045,1,2,1.366,8,0.752
23 C,4,1,1,1,1,Poly,38,3,180,1045,3,0,127,29,3,0.799,8,1.366
23 C,4,1,1,1,1,Poly,38,4,0,127,29,0,5,1,4,1.96,8,0.799
23 C,4,1,1,1,1,Poly,38,5,0,5,1,0,10,5,5,2.325,8,1.96
23 C,4,1,1,1,1,Poly,38,6,0,10,5,0,5,3,6,1.936,8,2.325
23 C,4,1,1,1,1,Poly,38,7,0,5,3,0,5,2,7,2.037,8,1.936
23 C,4,1,1,1,1,Poly,38,8,0,5,2,0,30,2,8,1.922,8,2.037
23 C,4,1,1,1,1,Poly,38,9,0,30,2,0,15,9,9,1.108,8,1.922
23 C,4,1,1,1,1,Poly,38,10,0,15,9,0,125,59,10,1.388,8,1.108
23 C,4,1,1,1,1,Poly,38,11,0,125,59,0,10,25,11,0.827,8,1.388
23 C,4,1,1,1,1,Poly,38,12,0,10,25,0,5,7,12,1.085,8,0.827
23 C,4,1,1,1,1,Poly,38,13,0,5,7,0,5,0,13,1.277,8,1.085
23 C,4,1,1,1,1,Poly,38,14,0,5,0,0,5,0,14,0.691,7,1.277
23 C,4,1,1,1,1,Poly,38,15,0,5,0,0,60,0,15,1.108,8,0.691
23 C,4,1,1,1,1,Poly,38,16,0,60,0,0,300,0,16,0.561,8,1.108
23 C,1,0,1,0,0,gsm1,39,0,4,4,0,38,46,0,0,1.1225,8,0.898
23 C,1,0,1,0,0,gsm1,39,1,38,46,0,219,457,0,1,1.347,8,1.1225
23 C,1,0,1,0,0,gsm1,39,2,219,457,2,77,945,1,2,1.138,8,1.347
23 C,1,0,1,0,0,gsm1,39,3,77,945,3,45,335,6,3,0.908,8,1.138
23 C,1,0,1,0,0,gsm1,39,4,45,335,6,60,380,20,4,1.074,8,0.908
23 C,1,0,1,0,0,gsm1,39,5,60,380,20,35,410,113,5,0.831,8,1.074
23 C,1,0,1,0,0,gsm1,39,6,35,410,113,0,25,177,6,1.912,8,0.831
23 C,1,0,1,0,0,gsm1,39,7,0,25,177,0,5,23,7,2.793,8,1.912
23 C,1,0,1,0,0,gsm1,39,8,0,5,23,0,5,0,8,2.171,8,2.793
23 C,1,0,1,0,0,gsm1,39,9,0,5,0,0,55,0,9,1.599,8,2.171
23 C,1,0,1,0,0,gsm1,39,10,0,55,0,0,375,0,10,1.83,8,1.599
23 C,1,0,1,0,0,gsm1,39,11,0,375,0,0,460,0,11,0.47,8,1.83
23 C,1,0,1,0,0,gsm1,39,12,0,460,0,0,210,0,12,0.333,8,0.47
23 C,1,0,1,0,0,gsm1,39,13,0,210,0,0,475,0,13,0.728,8,0.333
23 C,1,0,1,0,0,gsm1,39,14,0,475,0,0,145,0,14,0.172,8,0.728
23 C,1,0,1,0,0,gsm1,39,15,0,145,0,0,115,0,15,0.744,8,0.172
23 C,1,0,1,0,0,gsm1,39,16,0,115,0,0,15,0,16,0.409,8,0.744
23 C,2,0,1,1,0,gsm1_AOP2.gsoh,40,0,4,4,0,29,13,0,0,0.8441666666666666,8,0.6753333333333333
23 C,2,0,1,1,0,gsm1_AOP2.gsoh,40,1,29,13,0,169,315,0,1,1.013,8,0.8441666666666666
23 C,2,0,1,1,0,gsm1_AOP2.gsoh,40,2,169,315,2,45,430,2,2,0.98,8,1.013
23 C,2,0,1,1,0,gsm1_AOP2.gsoh,40,3,45,430,4,0,150,26,3,0.892,8,0.98
23 C,2,0,1,1,0,gsm1_AOP2.gsoh,40,4,0,150,26,0,10,17,4,1.196,8,0.892
23 C,2,0,1,1,0,gsm1_AOP2.gsoh,40,5,0,10,17,0,10,12,5,1.971,8,1.196
23 C,2,0,1,1,0,gsm1_AOP2.gsoh,40,6,0,10,12,0,10,8,6,1.709,8,1.971
23 C,2,0,1,1,0,gsm1_AOP2.gsoh,40,7,0,10,8,0,5,8,7,2.101,8,1.709
23 C,2,0,1,1,0,gsm1_AOP2.gsoh,40,8,0,5,8,0,30,1,8,2.212,8,2.101
23 C,2,0,1,1,0,gsm1_AOP2.gsoh,40,9,0,30,1,0,335,5,9,1.08,8,2.212
23 C,2,0,1,1,0,gsm1_AOP2.gsoh,40,10,0,335,5,0,685,37,10,0.758,8,1.08
23 C,2,0,1,1,0,gsm1_AOP2.gsoh,40,11,0,685,37,0,145,154,11,0.228,8,0.758
23 C,2,0,1,1,0,gsm1_AOP2.gsoh,40,12,0,145,154,0,55,53,12,0.901,8,0.228
23 C,2,0,1,1,0,gsm1_AOP2.gsoh,40,13,0,55,53,0,15,16,13,0.992,8,0.901
23 C,2,0,1,1,0,gsm1_AOP2.gsoh,40,14,0,15,16,0,5,2,14,0.593,8,0.992
23 C,2,0,1,1,0,gsm1_AOP2.gsoh,40,15,0,5,2,0,5,0,15,0.573,6,0.593
23 C,2,0,1,1,0,gsm1_AOP2.gsoh,40,16,0,5,0,0,25,0,16,0.594,8,0.573
23 C,2,1,0,0,1,Col_AOP2,41,0,4,4,0,34,26,0,0,0.8641666666666666,8,0.6913333333333334
23 C,2,1,0,0,1,Col_AOP2,41,1,34,26,0,192,694,0,1,1.037,8,0.8641666666666666
23 C,2,1,0,0,1,Col_AOP2,41,2,192,694,2,45,550,1,2,0.958,8,1.037
23 C,2,1,0,0,1,Col_AOP2,41,3,45,550,3,10,495,5,3,0.924,8,0.958
23 C,2,1,0,0,1,Col_AOP2,41,4,10,495,5,35,285,14,4,0.913,8,0.924
23 C,2,1,0,0,1,Col_AOP2,41,5,35,285,14,12,315,108,5,1.042,8,0.913
23 C,2,1,0,0,1,Col_AOP2,41,6,12,315,108,10,30,147,6,1.024,8,1.042
23 C,2,1,0,0,1,Col_AOP2,41,7,10,30,147,0,5,28,7,1.701,8,1.024
23 C,2,1,0,0,1,Col_AOP2,41,8,0,5,28,0,5,3,8,2.02,8,1.701
23 C,2,1,0,0,1,Col_AOP2,41,9,0,5,3,0,5,0,9,1.019,8,2.02
23 C,2,1,0,0,1,Col_AOP2,41,10,0,5,0,0,75,0,10,1.807,8,1.019
23 C,2,1,0,0,1,Col_AOP2,41,11,0,75,0,0,260,0,11,0.734,8,1.807
23 C,2,1,0,0,1,Col_AOP2,41,12,0,260,0,0,120,0,12,0.42,8,0.734
23 C,2,1,0,0,1,Col_AOP2,41,13,0,120,0,0,390,0,13,0.771,8,0.42
23 C,2,1,0,0,1,Col_AOP2,41,14,0,390,0,0,250,0,14,0.223,8,0.771
23 C,2,1,0,0,1,Col_AOP2,41,15,0,250,0,0,40,0,15,0.297,7,0.223
23 C,2,1,0,0,1,Col_AOP2,41,16,0,40,0,0,405,0,16,0.517,8,0.297
23 C,2,1,0,0,1,Col_AOP2,42,0,4,4,0,33,20,0,0,0.7783333333333333,8,0.6226666666666667
23 C,2,1,0,0,1,Col_AOP2,42,1,33,20,0,222,341,0,1,0.934,8,0.7783333333333333
23 C,2,1,0,0,1,Col_AOP2,42,2,222,341,2,142,555,1,2,0.877,8,0.934
23 C,2,1,0,0,1,Col_AOP2,42,3,142,555,3,10,195,29,3,0.902,8,0.877
23 C,2,1,0,0,1,Col_AOP2,42,4,10,195,29,7,12,8,4,1.829,8,0.902
23 C,2,1,0,0,1,Col_AOP2,42,5,7,12,8,0,15,5,5,1.609,8,1.829
23 C,2,1,0,0,1,Col_AOP2,42,6,0,15,5,0,0,0,6,2.525,8,1.609
23 C,2,1,0,0,1,Col_AOP2,42,7,0,0,0,0,0,0,7,2.098,8,2.525
23 C,2,1,0,0,1,Col_AOP2,42,8,0,0,0,0,0,0,8,2.628,8,2.098
23 C,2,1,0,0,1,Col_AOP2,42,9,0,0,0,0,0,0,9,1.592,8,2.628
23 C,2,1,0,0,1,Col_AOP2,42,10,0,0,0,0,0,0,10,1.563,8,1.592
23 C,2,1,0,0,1,Col_AOP2,42,11,0,0,0,0,0,0,11,1.335,8,1.563
23 C,2,1,0,0,1,Col_AOP2,42,12,0,0,0,0,0,0,12,1.394,8,1.335
23 C,2,1,0,0,1,Col_AOP2,42,13,0,0,0,0,0,0,13,0.942,8,1.394
23 C,2,1,0,0,1,Col_AOP2,42,14,0,0,0,0,0,0,14,0.54,8,0.942
23 C,2,1,0,0,1,Col_AOP2,42,15,0,0,0,0,0,0,15,0.538,6,0.54
23 C,2,1,0,0,1,Col_AOP2,42,16,0,0,0,0,0,0,16,0.341,8,0.538
23 C,4,1,1,1,1,Poly,43,0,4,4,0,36,45,0,0,1.1133333333333333,8,0.8906666666666666
23 C,4,1,1,1,1,Poly,43,1,36,45,0,265,479,0,1,1.336,8,1.1133333333333333
23 C,4,1,1,1,1,Poly,43,2,265,479,2,30,870,1,2,0.808,8,1.336
23 C,4,1,1,1,1,Poly,43,3,30,870,3,5,230,12,3,0.809,8,0.808
23 C,4,1,1,1,1,Poly,43,4,5,230,12,15,130,5,4,1.341,8,0.809
23 C,4,1,1,1,1,Poly,43,5,15,130,5,0,345,118,5,1.811,8,1.341
23 C,4,1,1,1,1,Poly,43,6,0,345,118,0,40,99,6,1.462,8,1.811
23 C,4,1,1,1,1,Poly,43,7,0,40,99,0,10,25,7,2.445,8,1.462
23 C,4,1,1,1,1,Poly,43,8,0,10,25,0,5,5,8,2.524,8,2.445
23 C,4,1,1,1,1,Poly,43,9,0,5,5,0,15,1,9,1.156,8,2.524
23 C,4,1,1,1,1,Poly,43,10,0,15,1,0,360,6,10,1.593,8,1.156
23 C,4,1,1,1,1,Poly,43,11,0,360,6,0,880,0,11,0.333,8,1.593
23 C,4,1,1,1,1,Poly,43,12,0,880,0,0,145,0,12,0.404,8,0.333
23 C,4,1,1,1,1,Poly,43,13,0,145,0,0,195,0,13,0.69,8,0.404
23 C,4,1,1,1,1,Poly,43,14,0,195,0,0,160,0,14,0.167,8,0.69
23 C,4,1,1,1,1,Poly,43,15,0,160,0,0,30,0,15,0.201,7,0.167
23 C,4,1,1,1,1,Poly,43,16,0,30,0,0,355,0,16,0.319,7,0.201
23 C,1,0,0,0,1,AOP2,44,0,4,4,0,37,28,0,0,0.5091666666666667,8,0.4073333333333333
23 C,1,0,0,0,1,AOP2,44,1,37,28,0,200,351,0,1,0.611,8,0.5091666666666667
23 C,1,0,0,0,1,AOP2,44,2,200,351,2,35,520,1,2,0.837,8,0.611
23 C,1,0,0,0,1,AOP2,44,3,35,520,3,65,205,8,3,0.748,8,0.837
23 C,1,0,0,0,1,AOP2,44,4,65,205,8,72,345,45,4,0.527,8,0.748
23 C,1,0,0,0,1,AOP2,44,5,72,345,45,10,115,101,5,0.676,8,0.527
23 C,1,0,0,0,1,AOP2,44,6,10,115,101,0,0,16,6,1.265,8,0.676
23 C,1,0,0,0,1,AOP2,44,7,0,0,16,0,0,0,7,1.926,8,1.265
23 C,1,0,0,0,1,AOP2,44,8,0,0,0,0,0,0,8,1.197,8,1.926
23 C,1,0,0,0,1,AOP2,44,9,0,0,0,0,0,0,9,1.006,8,1.197
23 C,1,0,0,0,1,AOP2,44,10,0,0,0,0,0,0,10,1.202,8,1.006
23 C,1,0,0,0,1,AOP2,44,11,0,0,0,0,0,0,11,1.012,8,1.202
23 C,1,0,0,0,1,AOP2,44,12,0,0,0,0,0,0,12,1.274,8,1.012
23 C,1,0,0,0,1,AOP2,44,13,0,0,0,0,0,0,13,0.893,8,1.274
23 C,1,0,0,0,1,AOP2,44,14,0,0,0,0,0,0,14,0.527,7,0.893
23 C,1,0,0,0,1,AOP2,44,15,0,0,0,0,0,0,15,0.8,5,0.527
23 C,1,0,0,0,1,AOP2,44,16,0,0,0,0,0,0,16,0.432,8,0.8
23 C,2,1,1,0,0,Col_gsm1,45,0,4,4,0,42,72,0,0,1.1266666666666667,8,0.9013333333333333
23 C,2,1,1,0,0,Col_gsm1,45,1,42,72,0,175,447,0,1,1.352,8,1.1266666666666667
23 C,2,1,1,0,0,Col_gsm1,45,2,175,447,2,80,940,2,2,1.513,8,1.352
23 C,2,1,1,0,0,Col_gsm1,45,3,80,940,4,20,160,26,3,0.707,8,1.513
23 C,2,1,1,0,0,Col_gsm1,45,4,20,160,26,10,50,15,4,2,8,0.707
23 C,2,1,1,0,0,Col_gsm1,45,5,10,50,15,0,45,30,5,2.486,8,2
23 C,2,1,1,0,0,Col_gsm1,45,6,0,45,30,0,5,31,6,2.608,8,2.486
23 C,2,1,1,0,0,Col_gsm1,45,7,0,5,31,0,10,9,7,3.022,8,2.608
23 C,2,1,1,0,0,Col_gsm1,45,8,0,10,9,0,5,3,8,2.33,8,3.022
23 C,2,1,1,0,0,Col_gsm1,45,9,0,5,3,0,10,3,9,1.788,8,2.33
23 C,2,1,1,0,0,Col_gsm1,45,10,0,10,3,0,12,12,10,2.299,8,1.788
23 C,2,1,1,0,0,Col_gsm1,45,11,0,12,12,0,5,5,11,1.523,8,2.299
23 C,2,1,1,0,0,Col_gsm1,45,12,0,5,5,0,10,5,12,1.25,8,1.523
23 C,2,1,1,0,0,Col_gsm1,45,13,0,10,5,0,5,1,13,1.155,8,1.25
23 C,2,1,1,0,0,Col_gsm1,45,14,0,5,1,0,15,2,14,0.762,8,1.155
23 C,2,1,1,0,0,Col_gsm1,45,15,0,15,2,0,25,1,15,0.74,8,0.762
23 C,2,1,1,0,0,Col_gsm1,45,16,0,25,1,0,60,1,16,1.083,8,0.74
23 C,4,1,1,1,1,Poly,46,0,4,4,0,54,25,0,0,0.5983333333333333,8,0.47866666666666663
23 C,4,1,1,1,1,Poly,46,1,54,25,0,239,321,0,1,0.718,8,0.5983333333333333
23 C,4,1,1,1,1,Poly,46,2,239,321,2,275,590,1,2,1.08,8,0.718
23 C,4,1,1,1,1,Poly,46,3,275,590,3,50,145,21,3,0.933,8,1.08
23 C,4,1,1,1,1,Poly,46,4,50,145,21,20,15,33,4,1.44,8,0.933
23 C,4,1,1,1,1,Poly,46,5,20,15,33,0,10,5,5,2.19,8,1.44
23 C,4,1,1,1,1,Poly,46,6,0,10,5,0,5,2,6,2.459,8,2.19
23 C,4,1,1,1,1,Poly,46,7,0,5,2,0,10,0,7,2.589,8,2.459
23 C,4,1,1,1,1,Poly,46,8,0,10,0,0,65,0,8,2.214,8,2.589
23 C,4,1,1,1,1,Poly,46,9,0,65,0,0,935,0,9,1.333,8,2.214
23 C,4,1,1,1,1,Poly,46,10,0,935,0,0,937,0,10,0.721,8,1.333
23 C,4,1,1,1,1,Poly,46,11,0,937,0,0,260,0,11,0.274,8,0.721
23 C,4,1,1,1,1,Poly,46,12,0,260,0,0,710,0,12,0.38,8,0.274
23 C,4,1,1,1,1,Poly,46,13,0,710,0,0,175,0,13,0.274,8,0.38
23 C,4,1,1,1,1,Poly,46,14,0,175,0,0,445,0,14,0.324,8,0.274
23 C,4,1,1,1,1,Poly,46,15,0,445,0,0,120,0,15,0.15,8,0.324
23 C,4,1,1,1,1,Poly,46,16,0,120,0,0,320,0,16,0.778,8,0.15
23 C,2,0,1,0,1,gsm1_AOP2,47,0,4,4,0,25,18,0,0,0.8641666666666666,8,0.6913333333333334
23 C,2,0,1,0,1,gsm1_AOP2,47,1,25,18,0,197,563,0,1,1.037,8,0.8641666666666666
23 C,2,0,1,0,1,gsm1_AOP2,47,2,197,563,2,95,770,3,2,1.07,8,1.037
23 C,2,0,1,0,1,gsm1_AOP2,47,3,95,770,5,0,110,19,3,0.684,8,1.07
23 C,2,0,1,0,1,gsm1_AOP2,47,4,0,110,19,0,10,4,4,1.884,8,0.684
23 C,2,0,1,0,1,gsm1_AOP2,47,5,0,10,4,0,10,7,5,1.741,8,1.884
23 C,2,0,1,0,1,gsm1_AOP2,47,6,0,10,7,0,10,2,6,1.845,8,1.741
23 C,2,0,1,0,1,gsm1_AOP2,47,7,0,10,2,0,15,5,7,2.156,8,1.845
23 C,2,0,1,0,1,gsm1_AOP2,47,8,0,15,5,0,10,6,8,2.235,8,2.156
23 C,2,0,1,0,1,gsm1_AOP2,47,9,0,10,6,0,110,18,9,1.251,8,2.235
23 C,2,0,1,0,1,gsm1_AOP2,47,10,0,110,18,0,95,49,10,1.408,8,1.251
23 C,2,0,1,0,1,gsm1_AOP2,47,11,0,95,49,0,10,13,11,0.646,8,1.408
23 C,2,0,1,0,1,gsm1_AOP2,47,12,0,10,13,0,10,16,12,1.225,8,0.646
23 C,2,0,1,0,1,gsm1_AOP2,47,13,0,10,16,0,5,4,13,0.957,8,1.225
23 C,2,0,1,0,1,gsm1_AOP2,47,14,0,5,4,0,10,0,14,0.662,8,0.957
23 C,2,0,1,0,1,gsm1_AOP2,47,15,0,10,0,0,5,0,15,0.88,8,0.662
23 C,2,0,1,0,1,gsm1_AOP2,47,16,0,5,0,0,5,0,16,1.161,8,0.88
23 C,2,0,0,1,1,AOP2_AOP2.gsoh,48,0,4,4,0,32,8,0,0,0.42333333333333334,8,0.33866666666666667
23 C,2,0,0,1,1,AOP2_AOP2.gsoh,48,1,32,8,0,196,370,0,1,0.508,8,0.42333333333333334
23 C,2,0,0,1,1,AOP2_AOP2.gsoh,48,2,196,370,2,140,545,3,2,0.972,8,0.508
23 C,2,0,0,1,1,AOP2_AOP2.gsoh,48,3,140,545,5,20,40,25,3,0.614,8,0.972
23 C,2,0,0,1,1,AOP2_AOP2.gsoh,48,4,20,40,25,12,25,17,4,0.856,8,0.614
23 C,2,0,0,1,1,AOP2_AOP2.gsoh,48,5,12,25,17,0,5,10,5,1.57,8,0.856
23 C,2,0,0,1,1,AOP2_AOP2.gsoh,48,6,0,5,10,0,5,2,6,1.441,8,1.57
23 C,2,0,0,1,1,AOP2_AOP2.gsoh,48,7,0,5,2,0,10,4,7,1.419,7,1.441
23 C,2,0,0,1,1,AOP2_AOP2.gsoh,48,8,0,10,4,0,10,0,8,1.398,8,1.419
23 C,2,0,0,1,1,AOP2_AOP2.gsoh,48,9,0,10,0,0,5,0,9,0.984,8,1.398
23 C,2,0,0,1,1,AOP2_AOP2.gsoh,48,10,0,5,0,0,260,0,10,1.212,8,0.984
23 C,2,0,0,1,1,AOP2_AOP2.gsoh,48,11,0,260,0,0,380,0,11,0.35,8,1.212
23 C,2,0,0,1,1,AOP2_AOP2.gsoh,48,12,0,380,0,0,95,0,12,0.263,8,0.35
23 C,2,0,0,1,1,AOP2_AOP2.gsoh,48,13,0,95,0,0,295,0,13,0.454,8,0.263
23 C,2,0,0,1,1,AOP2_AOP2.gsoh,48,14,0,295,0,0,160,0,14,0.138,8,0.454
23 C,2,0,0,1,1,AOP2_AOP2.gsoh,48,15,0,160,0,0,55,0,15,0.286,7,0.138
23 C,2,0,0,1,1,AOP2_AOP2.gsoh,48,16,0,55,0,0,135,0,16,0.264,8,0.286
23 C,2,1,1,0,0,Col_gsm1,49,0,4,4,0,42,57,0,0,0.7,8,0.5599999999999999
23 C,2,1,1,0,0,Col_gsm1,49,1,42,57,0,252,536,0,1,0.84,8,0.7
23 C,2,1,1,0,0,Col_gsm1,49,2,252,536,2,135,1075,1,2,1.155,8,0.84
23 C,2,1,1,0,0,Col_gsm1,49,3,135,1075,3,22,262,12,3,1.015,8,1.155
23 C,2,1,1,0,0,Col_gsm1,49,4,22,262,12,45,260,31,4,1.504,8,1.015
23 C,2,1,1,0,0,Col_gsm1,49,5,45,260,31,12,197,91,5,1.366,8,1.504
23 C,2,1,1,0,0,Col_gsm1,49,6,12,197,91,0,80,151,6,1.88,7,1.366
23 C,2,1,1,0,0,Col_gsm1,49,7,0,80,151,0,5,19,7,2.15,8,1.88
23 C,2,1,1,0,0,Col_gsm1,49,8,0,5,19,0,5,1,8,2.311,8,2.15
23 C,2,1,1,0,0,Col_gsm1,49,9,0,5,1,0,5,1,9,1.815,8,2.311
23 C,2,1,1,0,0,Col_gsm1,49,10,0,5,1,0,22,1,10,1.753,8,1.815
23 C,2,1,1,0,0,Col_gsm1,49,11,0,22,1,0,430,3,11,0.933,8,1.753
23 C,2,1,1,0,0,Col_gsm1,49,12,0,430,3,0,175,0,12,0.403,8,0.933
23 C,2,1,1,0,0,Col_gsm1,49,13,0,175,0,0,570,0,13,0.631,8,0.403
23 C,2,1,1,0,0,Col_gsm1,49,14,0,570,0,0,140,0,14,0.184,8,0.631
23 C,2,1,1,0,0,Col_gsm1,49,15,0,140,0,0,175,0,15,0.672,7,0.184
23 C,2,1,1,0,0,Col_gsm1,49,16,0,175,0,0,460,0,16,0.481,8,0.672
23 C,2,1,0,0,1,Col_AOP2,50,0,4,4,0,18,5,0,0,1.2458333333333333,8,0.9966666666666667
23 C,2,1,0,0,1,Col_AOP2,50,1,18,5,0,158,222,0,1,1.495,8,1.2458333333333333
23 C,2,1,0,0,1,Col_AOP2,50,2,158,222,2,370,355,10,2,1.305,8,1.495
23 C,2,1,0,0,1,Col_AOP2,50,3,370,355,12,45,135,47,3,0.608,8,1.305
23 C,2,1,0,0,1,Col_AOP2,50,4,45,135,47,10,20,19,4,1.689,8,0.608
23 C,2,1,0,0,1,Col_AOP2,50,5,10,20,19,0,15,5,5,2.635,8,1.689
23 C,2,1,0,0,1,Col_AOP2,50,6,0,15,5,0,5,6,6,2.478,8,2.635
23 C,2,1,0,0,1,Col_AOP2,50,7,0,5,6,0,150,9,7,2.563,8,2.478
23 C,2,1,0,0,1,Col_AOP2,50,8,0,150,9,0,15,16,8,1.757,8,2.563
23 C,2,1,0,0,1,Col_AOP2,50,9,0,15,16,0,5,1,9,1.862,8,1.757
23 C,2,1,0,0,1,Col_AOP2,50,10,0,5,1,0,10,3,10,1.637,8,1.862
23 C,2,1,0,0,1,Col_AOP2,50,11,0,10,3,0,15,3,11,1.164,8,1.637
23 C,2,1,0,0,1,Col_AOP2,50,12,0,15,3,0,130,9,12,1.234,8,1.164
23 C,2,1,0,0,1,Col_AOP2,50,13,0,130,9,0,430,10,13,0.387,8,1.234
23 C,2,1,0,0,1,Col_AOP2,50,14,0,430,10,0,155,109,14,0.15,8,0.387
23 C,2,1,0,0,1,Col_AOP2,50,15,0,155,109,0,295,3,15,0.291,7,0.15
23 C,2,1,0,0,1,Col_AOP2,50,16,0,295,3,0,285,18,16,0.459,7,0.291
23 C,1,0,1,0,0,gsm1,51,0,4,4,0,47,34,0,0,1.0016666666666667,8,0.8013333333333333
23 C,1,0,1,0,0,gsm1,51,1,47,34,0,200,301,0,1,1.202,8,1.0016666666666667
23 C,1,0,1,0,0,gsm1,51,2,200,301,2,175,720,3,2,1.498,8,1.202
23 C,1,0,1,0,0,gsm1,51,3,175,720,5,10,135,36,3,0.863,8,1.498
23 C,1,0,1,0,0,gsm1,51,4,10,135,36,0,37,21,4,1.836,8,0.863
23 C,1,0,1,0,0,gsm1,51,5,0,37,21,0,27,18,5,2.248,8,1.836
23 C,1,0,1,0,0,gsm1,51,6,0,27,18,0,0,11,6,2.717,8,2.248
23 C,1,0,1,0,0,gsm1,51,7,0,0,11,0,0,0,7,2.513,8,2.717
23 C,1,0,1,0,0,gsm1,51,8,0,0,0,0,0,0,8,2.494,8,2.513
23 C,1,0,1,0,0,gsm1,51,9,0,0,0,0,0,0,9,1.769,8,2.494
23 C,1,0,1,0,0,gsm1,51,10,0,0,0,0,0,0,10,1.96,8,1.769
23 C,1,0,1,0,0,gsm1,51,11,0,0,0,0,0,0,11,1.196,8,1.96
23 C,1,0,1,0,0,gsm1,51,12,0,0,0,0,0,0,12,1.357,8,1.196
23 C,1,0,1,0,0,gsm1,51,13,0,0,0,0,0,0,13,1.156,8,1.357
23 C,1,0,1,0,0,gsm1,51,14,0,0,0,0,0,0,14,0.72,8,1.156
23 C,1,0,1,0,0,gsm1,51,15,0,0,0,0,0,0,15,0.402,8,0.72
23 C,1,0,1,0,0,gsm1,51,16,0,0,0,0,0,0,16,1.661,8,0.402
23 C,1,0,0,0,1,AOP2,52,0,4,4,0,31,9,0,0,0.39499999999999996,8,0.31599999999999995
23 C,1,0,0,0,1,AOP2,52,1,31,9,0,117,353,0,1,0.474,8,0.39499999999999996
23 C,1,0,0,0,1,AOP2,52,2,117,353,2,105,765,2,2,0.758,8,0.474
23 C,1,0,0,0,1,AOP2,52,3,105,765,4,22,40,14,3,0.493,8,0.758
23 C,1,0,0,0,1,AOP2,52,4,22,40,14,0,5,4,4,1.131,8,0.493
23 C,1,0,0,0,1,AOP2,52,5,0,5,4,0,40,3,5,1.374,8,1.131
23 C,1,0,0,0,1,AOP2,52,6,0,40,3,0,25,23,6,1.367,8,1.374
23 C,1,0,0,0,1,AOP2,52,7,0,25,23,0,5,5,7,1.851,8,1.367
23 C,1,0,0,0,1,AOP2,52,8,0,5,5,0,5,4,8,1.588,8,1.851
23 C,1,0,0,0,1,AOP2,52,9,0,5,4,0,5,2,9,0.87,8,1.588
23 C,1,0,0,0,1,AOP2,52,10,0,5,2,0,10,0,10,0.888,8,0.87
23 C,1,0,0,0,1,AOP2,52,11,0,10,0,0,160,0,11,0.747,8,0.888
23 C,1,0,0,0,1,AOP2,52,12,0,160,0,0,160,0,12,0.26,8,0.747
23 C,1,0,0,0,1,AOP2,52,13,0,160,0,0,315,0,13,0.428,8,0.26
23 C,1,0,0,0,1,AOP2,52,14,0,315,0,0,130,0,14,0.14,8,0.428
23 C,1,0,0,0,1,AOP2,52,15,0,130,0,0,75,0,15,0.147,7,0.14
23 C,1,0,0,0,1,AOP2,52,16,0,75,0,0,155,0,16,0.374,7,0.147
23 C,4,1,1,1,1,Poly,53,0,4,4,0,24,16,0,0,0.8966666666666667,8,0.7173333333333334
23 C,4,1,1,1,1,Poly,53,1,24,16,0,102,341,0,1,1.076,8,0.8966666666666667
23 C,4,1,1,1,1,Poly,53,2,102,341,2,105,825,3,2,0.983,8,1.076
23 C,4,1,1,1,1,Poly,53,3,105,825,5,25,160,17,3,0.887,8,0.983
23 C,4,1,1,1,1,Poly,53,4,25,160,17,7,65,9,4,1.7,8,0.887
23 C,4,1,1,1,1,Poly,53,5,7,65,9,10,590,7,5,1.752,8,1.7
23 C,4,1,1,1,1,Poly,53,6,10,590,7,15,440,305,6,0.741,8,1.752
23 C,4,1,1,1,1,Poly,53,7,15,440,305,0,50,200,7,1.633,8,0.741
23 C,4,1,1,1,1,Poly,53,8,0,50,200,0,10,1,8,2.395,8,1.633
23 C,4,1,1,1,1,Poly,53,9,0,10,1,0,5,1,9,1.707,8,2.395
23 C,4,1,1,1,1,Poly,53,10,0,5,1,0,92,4,10,1.359,8,1.707
23 C,4,1,1,1,1,Poly,53,11,0,92,4,0,565,14,11,0.662,8,1.359
23 C,4,1,1,1,1,Poly,53,12,0,565,14,0,85,94,12,0.379,8,0.662
23 C,4,1,1,1,1,Poly,53,13,0,85,94,0,10,5,13,0.842,8,0.379
23 C,4,1,1,1,1,Poly,53,14,0,10,5,0,10,3,14,0.519,8,0.842
23 C,4,1,1,1,1,Poly,53,15,0,10,3,0,10,3,15,0.467,6,0.519
23 C,4,1,1,1,1,Poly,53,16,0,10,3,0,5,1,16,0.693,8,0.467
23 C,1,0,0,1,0,AOP2.gsoh,54,0,4,4,0,20,17,0,0,0.3125,8,0.25
23 C,1,0,0,1,0,AOP2.gsoh,54,1,20,17,0,48,419,0,1,0.375,8,0.3125
23 C,1,0,0,1,0,AOP2.gsoh,54,2,48,419,2,50,887,3,2,0.77,8,0.375
23 C,1,0,0,1,0,AOP2.gsoh,54,3,50,887,5,0,127,14,3,0.693,8,0.77
23 C,1,0,0,1,0,AOP2.gsoh,54,4,0,127,14,0,5,2,4,1.33,8,0.693
23 C,1,0,0,1,0,AOP2.gsoh,54,5,0,5,2,0,5,4,5,1.646,8,1.33
23 C,1,0,0,1,0,AOP2.gsoh,54,6,0,5,4,0,5,1,6,3.655,8,1.646
23 C,1,0,0,1,0,AOP2.gsoh,54,7,0,5,1,0,645,2,7,1.65,8,3.655
23 C,1,0,0,1,0,AOP2.gsoh,54,8,0,645,2,0,795,28,8,0.548,8,1.65
23 C,1,0,0,1,0,AOP2.gsoh,54,9,0,795,28,0,1010,1,9,0.403,8,0.548
23 C,1,0,0,1,0,AOP2.gsoh,54,10,0,1010,1,0,440,70,10,0.466,8,0.403
23 C,1,0,0,1,0,AOP2.gsoh,54,11,0,440,70,0,465,53,11,0.347,8,0.466
23 C,1,0,0,1,0,AOP2.gsoh,54,12,0,465,53,0,95,116,12,0.448,8,0.347
23 C,1,0,0,1,0,AOP2.gsoh,54,13,0,95,116,0,15,38,13,0.798,7,0.448
23 C,1,0,0,1,0,AOP2.gsoh,54,14,0,15,38,0,0,2,14,0.723,8,0.798
23 C,1,0,0,1,0,AOP2.gsoh,54,15,0,0,2,0,0,0,15,0.878,8,0.723
23 C,1,0,0,1,0,AOP2.gsoh,54,16,0,0,0,0,0,0,16,0.845,8,0.878
23 C,2,1,0,1,0,Col_AOP2.gsoh,55,0,4,4,0,43,25,0,0,0.6916666666666667,8,0.5533333333333333
23 C,2,1,0,1,0,Col_AOP2.gsoh,55,1,43,25,0,225,403,0,1,0.83,8,0.6916666666666667
23 C,2,1,0,1,0,Col_AOP2.gsoh,55,2,225,403,2,122,470,1,2,0.954,8,0.83
23 C,2,1,0,1,0,Col_AOP2.gsoh,55,3,122,470,3,95,285,16,3,0.7,8,0.954
23 C,2,1,0,1,0,Col_AOP2.gsoh,55,4,95,285,16,50,125,35,4,1.204,8,0.7
23 C,2,1,0,1,0,Col_AOP2.gsoh,55,5,50,125,35,7,110,47,5,1.457,8,1.204
23 C,2,1,0,1,0,Col_AOP2.gsoh,55,6,7,110,47,0,20,48,6,1.263,8,1.457
23 C,2,1,0,1,0,Col_AOP2.gsoh,55,7,0,20,48,0,0,21,7,1.679,8,1.263
23 C,2,1,0,1,0,Col_AOP2.gsoh,55,8,0,0,21,0,0,4,8,2.402,8,1.679
23 C,2,1,0,1,0,Col_AOP2.gsoh,55,9,0,0,4,0,0,0,9,0.785,8,2.402
23 C,2,1,0,1,0,Col_AOP2.gsoh,55,10,0,0,0,0,0,0,10,2.193,7,0.785
23 C,2,1,0,1,0,Col_AOP2.gsoh,55,11,0,0,0,0,0,0,11,1.51,8,2.193
23 C,2,1,0,1,0,Col_AOP2.gsoh,55,12,0,0,0,0,0,0,12,1.568,8,1.51
23 C,2,1,0,1,0,Col_AOP2.gsoh,55,13,0,0,0,0,0,0,13,1.601,8,1.568
23 C,2,1,0,1,0,Col_AOP2.gsoh,55,14,0,0,0,0,0,0,14,0.555,8,1.601
23 C,2,1,0,1,0,Col_AOP2.gsoh,55,15,0,0,0,0,0,0,15,0.616,6,0.555
23 C,2,1,0,1,0,Col_AOP2.gsoh,55,16,0,0,0,0,0,0,16,0.663,8,0.616
23 C,1,0,0,1,0,AOP2.gsoh,56,0,4,4,0,35,11,0,0,0.3475,8,0.27799999999999997
23 C,1,0,0,1,0,AOP2.gsoh,56,1,35,11,0,132,330,0,1,0.417,8,0.3475
23 C,1,0,0,1,0,AOP2.gsoh,56,2,132,330,2,145,555,3,2,0.866,8,0.417
23 C,1,0,0,1,0,AOP2.gsoh,56,3,145,555,5,95,90,15,3,0.595,8,0.866
23 C,1,0,0,1,0,AOP2.gsoh,56,4,95,90,15,45,67,13,4,1.057,8,0.595
23 C,1,0,0,1,0,AOP2.gsoh,56,5,45,67,13,0,100,29,5,1.09,8,1.057
23 C,1,0,0,1,0,AOP2.gsoh,56,6,0,100,29,0,0,14,6,1.904,8,1.09
23 C,1,0,0,1,0,AOP2.gsoh,56,7,0,0,14,0,0,0,7,1.687,8,1.904
23 C,1,0,0,1,0,AOP2.gsoh,56,8,0,0,0,0,0,0,8,1.195,8,1.687
23 C,1,0,0,1,0,AOP2.gsoh,56,9,0,0,0,0,0,0,9,0.972,8,1.195
23 C,1,0,0,1,0,AOP2.gsoh,56,10,0,0,0,0,0,0,10,1.38,7,0.972
23 C,1,0,0,1,0,AOP2.gsoh,56,11,0,0,0,0,0,0,11,0.889,8,1.38
23 C,1,0,0,1,0,AOP2.gsoh,56,12,0,0,0,0,0,0,12,0.892,8,0.889
23 C,1,0,0,1,0,AOP2.gsoh,56,13,0,0,0,0,0,0,13,1.035,8,0.892
23 C,1,0,0,1,0,AOP2.gsoh,56,14,0,0,0,0,0,0,14,0.224,8,1.035
23 C,1,0,0,1,0,AOP2.gsoh,56,15,0,0,0,0,0,0,15,0.534,4,0.224
23 C,1,0,0,1,0,AOP2.gsoh,56,16,0,0,0,0,0,0,16,0.78,8,0.534
23 C,2,0,0,1,1,AOP2_AOP2.gsoh,57,0,4,4,0,44,34,0,0,0.32833333333333337,8,0.2626666666666667
23 C,2,0,0,1,1,AOP2_AOP2.gsoh,57,1,44,34,0,136,299,0,1,0.394,8,0.32833333333333337
23 C,2,0,0,1,1,AOP2_AOP2.gsoh,57,2,136,299,2,242,532,7,2,0.699,8,0.394
23 C,2,0,0,1,1,AOP2_AOP2.gsoh,57,3,242,532,9,95,225,47,3,0.714,8,0.699
23 C,2,0,0,1,1,AOP2_AOP2.gsoh,57,4,95,225,47,10,15,29,4,1.129,8,0.714
23 C,2,0,0,1,1,AOP2_AOP2.gsoh,57,5,10,15,29,0,10,17,5,1.63,8,1.129
23 C,2,0,0,1,1,AOP2_AOP2.gsoh,57,6,0,10,17,0,0,1,6,1.398,8,1.63
23 C,2,0,0,1,1,AOP2_AOP2.gsoh,57,7,0,0,1,0,0,2,7,1.331,8,1.398
23 C,2,0,0,1,1,AOP2_AOP2.gsoh,57,8,0,0,2,0,0,0,8,1.413,8,1.331
23 C,2,0,0,1,1,AOP2_AOP2.gsoh,57,9,0,0,0,0,0,0,9,0.988,8,1.413
23 C,2,0,0,1,1,AOP2_AOP2.gsoh,57,10,0,0,0,0,0,0,10,1.436,8,0.988
23 C,2,0,0,1,1,AOP2_AOP2.gsoh,57,11,0,0,0,0,0,0,11,1.074,8,1.436
23 C,2,0,0,1,1,AOP2_AOP2.gsoh,57,12,0,0,0,0,0,0,12,0.84,8,1.074
23 C,2,0,0,1,1,AOP2_AOP2.gsoh,57,13,0,0,0,0,0,0,13,1.181,7,0.84
23 C,2,0,0,1,1,AOP2_AOP2.gsoh,57,14,0,0,0,0,0,0,14,0.449,8,1.181
23 C,2,0,0,1,1,AOP2_AOP2.gsoh,57,15,0,0,0,0,0,0,15,0.337,7,0.449
23 C,2,0,0,1,1,AOP2_AOP2.gsoh,57,16,0,0,0,0,0,0,16,0.338,8,0.337
23 C,2,1,0,1,0,Col_AOP2.gsoh,58,0,4,4,0,51,14,0,0,0.6391666666666667,8,0.5113333333333333
23 C,2,1,0,1,0,Col_AOP2.gsoh,58,1,51,14,0,243,356,0,1,0.767,8,0.6391666666666667
23 C,2,1,0,1,0,Col_AOP2.gsoh,58,2,243,356,2,105,520,1,2,0.937,8,0.767
23 C,2,1,0,1,0,Col_AOP2.gsoh,58,3,105,520,3,20,160,24,3,1.024,8,0.937
23 C,2,1,0,1,0,Col_AOP2.gsoh,58,4,20,160,24,0,5,5,4,1.761,8,1.024
23 C,2,1,0,1,0,Col_AOP2.gsoh,58,5,0,5,5,0,10,5,5,1.641,8,1.761
23 C,2,1,0,1,0,Col_AOP2.gsoh,58,6,0,10,5,0,5,7,6,2.014,8,1.641
23 C,2,1,0,1,0,Col_AOP2.gsoh,58,7,0,5,7,0,10,7,7,2.954,8,2.014
23 C,2,1,0,1,0,Col_AOP2.gsoh,58,8,0,10,7,0,5,3,8,2.196,8,2.954
23 C,2,1,0,1,0,Col_AOP2.gsoh,58,9,0,5,3,0,10,3,9,1.158,8,2.196
23 C,2,1,0,1,0,Col_AOP2.gsoh,58,10,0,10,3,0,12,7,10,1.939,7,1.158
23 C,2,1,0,1,0,Col_AOP2.gsoh,58,11,0,12,7,0,20,7,11,1.283,8,1.939
23 C,2,1,0,1,0,Col_AOP2.gsoh,58,12,0,20,7,0,55,24,12,1.415,8,1.283
23 C,2,1,0,1,0,Col_AOP2.gsoh,58,13,0,55,24,0,15,11,13,1.261,8,1.415
23 C,2,1,0,1,0,Col_AOP2.gsoh,58,14,0,15,11,0,5,1,14,0.961,8,1.261
23 C,2,1,0,1,0,Col_AOP2.gsoh,58,15,0,5,1,0,10,1,15,0.276,8,0.961
23 C,2,1,0,1,0,Col_AOP2.gsoh,58,16,0,10,1,0,80,1,16,0.99,8,0.276
23 C,2,1,1,0,0,Col_gsm1,59,0,4,4,0,33,44,0,0,1.1733333333333333,8,0.9386666666666666
23 C,2,1,1,0,0,Col_gsm1,59,1,33,44,0,182,403,0,1,1.408,8,1.1733333333333333
23 C,2,1,1,0,0,Col_gsm1,59,2,182,403,2,55,910,1,2,1.348,8,1.408
23 C,2,1,1,0,0,Col_gsm1,59,3,55,910,3,10,300,17,3,0.875,8,1.348
23 C,2,1,1,0,0,Col_gsm1,59,4,10,300,17,0,10,3,4,2.201,8,0.875
23 C,2,1,1,0,0,Col_gsm1,59,5,0,10,3,0,15,19,5,3.234,8,2.201
23 C,2,1,1,0,0,Col_gsm1,59,6,0,15,19,0,5,15,6,2.13,8,3.234
23 C,2,1,1,0,0,Col_gsm1,59,7,0,5,15,0,5,3,7,2.628,8,2.13
23 C,2,1,1,0,0,Col_gsm1,59,8,0,5,3,0,15,1,8,2.452,8,2.628
23 C,2,1,1,0,0,Col_gsm1,59,9,0,15,1,0,30,1,9,1.743,8,2.452
23 C,2,1,1,0,0,Col_gsm1,59,10,0,30,1,0,535,2,10,1.467,8,1.743
23 C,2,1,1,0,0,Col_gsm1,59,11,0,535,2,0,1155,0,11,0.589,8,1.467
23 C,2,1,1,0,0,Col_gsm1,59,12,0,1155,0,0,65,0,12,0.34,8,0.589
23 C,2,1,1,0,0,Col_gsm1,59,13,0,65,0,0,5,0,13,1.115,8,0.34
23 C,2,1,1,0,0,Col_gsm1,59,14,0,5,0,0,45,0,14,0.577,8,1.115
23 C,2,1,1,0,0,Col_gsm1,59,15,0,45,0,0,220,0,15,0.257,8,0.577
23 C,2,1,1,0,0,Col_gsm1,59,16,0,220,0,0,530,0,16,0.362,7,0.257
23 C,2,0,1,0,1,gsm1_AOP2,60,0,4,4,0,33,30,0,0,0.815,8,0.6519999999999999
23 C,2,0,1,0,1,gsm1_AOP2,60,1,33,30,0,175,428,0,1,0.978,8,0.815
23 C,2,0,1,0,1,gsm1_AOP2,60,2,175,428,2,220,680,1,2,1.194,8,0.978
23 C,2,0,1,0,1,gsm1_AOP2,60,3,220,680,3,60,255,36,3,0.804,8,1.194
23 C,2,0,1,0,1,gsm1_AOP2,60,4,60,255,36,0,30,29,4,1.55,8,0.804
23 C,2,0,1,0,1,gsm1_AOP2,60,5,0,30,29,0,10,36,5,2.084,8,1.55
23 C,2,0,1,0,1,gsm1_AOP2,60,6,0,10,36,0,0,15,6,1.773,8,2.084
23 C,2,0,1,0,1,gsm1_AOP2,60,7,0,0,15,0,0,0,7,2.262,8,1.773
23 C,2,0,1,0,1,gsm1_AOP2,60,8,0,0,0,0,0,0,8,2.255,8,2.262
23 C,2,0,1,0,1,gsm1_AOP2,60,9,0,0,0,0,0,0,9,1.457,8,2.255
23 C,2,0,1,0,1,gsm1_AOP2,60,10,0,0,0,0,0,0,10,1.73,8,1.457
23 C,2,0,1,0,1,gsm1_AOP2,60,11,0,0,0,0,0,0,11,0.935,8,1.73
23 C,2,0,1,0,1,gsm1_AOP2,60,12,0,0,0,0,0,0,12,1.516,8,0.935
23 C,2,0,1,0,1,gsm1_AOP2,60,13,0,0,0,0,0,0,13,1.329,8,1.516
23 C,2,0,1,0,1,gsm1_AOP2,60,14,0,0,0,0,0,0,14,0.826,8,1.329
23 C,2,0,1,0,1,gsm1_AOP2,60,15,0,0,0,0,0,0,15,0.503,8,0.826
23 C,2,0,1,0,1,gsm1_AOP2,60,16,0,0,0,0,0,0,16,1.032,7,0.503
