Cage,Date,Week,Temperature,Richness,Composition,gsm1,AOP2,Col,AOP2.gsoh,No_Plants,Biomass_g
58,2018-06-05,1,23 C,2,Col_AOP2.gsoh,0,0,1,1,8,NA
14,2018-06-05,1,20 C,1,Col,0,0,1,0,8,NA
26,2018-06-05,1,20 C,1,Col,0,0,1,0,8,NA
22,2018-06-05,1,20 C,1,AOP2.gsoh,0,0,0,1,8,NA
56,2018-06-05,1,23 C,1,AOP2.gsoh,0,0,0,1,8,NA
41,2018-06-05,1,23 C,2,Col_AOP2,0,1,1,0,8,NA
8,2018-06-05,1,20 C,2,Col_AOP2.gsoh,0,0,1,1,8,NA
43,2018-06-05,1,23 C,4,Poly,1,1,1,1,8,NA
44,2018-06-05,1,23 C,1,AOP2,0,1,0,0,8,NA
50,2018-06-05,1,23 C,2,Col_AOP2,0,1,1,0,8,NA
11,2018-06-05,1,20 C,2,gsm1_AOP2,1,1,0,0,8,NA
55,2018-06-05,1,23 C,2,Col_AOP2.gsoh,0,0,1,1,8,NA
5,2018-06-05,1,20 C,1,gsm1,1,0,0,0,8,NA
57,2018-06-05,1,23 C,2,AOP2_AOP2.gsoh,0,1,0,1,8,NA
52,2018-06-05,1,23 C,1,AOP2,0,1,0,0,8,NA
42,2018-06-05,1,23 C,2,Col_AOP2,0,1,1,0,8,NA
46,2018-06-05,1,23 C,4,Poly,1,1,1,1,8,NA
12,2018-06-05,1,20 C,4,Poly,1,1,1,1,8,NA
27,2018-06-05,1,20 C,2,Col_AOP2,0,1,1,0,8,NA
49,2018-06-05,1,23 C,2,Col_gsm1,1,0,1,0,8,NA
37,2018-06-05,1,23 C,2,gsm1_AOP2.gsoh,1,0,0,1,8,NA
13,2018-06-05,1,20 C,4,Poly,1,1,1,1,8,NA
36,2018-06-05,1,23 C,2,gsm1_AOP2.gsoh,1,0,0,1,8,NA
7,2018-06-05,1,20 C,4,Poly,1,1,1,1,8,NA
10,2018-06-05,1,20 C,2,gsm1_AOP2.gsoh,1,0,0,1,8,NA
28,2018-06-05,1,20 C,2,Col_AOP2.gsoh,0,0,1,1,8,NA
21,2018-06-05,1,20 C,2,Col_AOP2,0,1,1,0,8,NA
30,2018-06-05,1,20 C,2,Col_gsm1,1,0,1,0,8,NA
54,2018-06-05,1,23 C,1,AOP2.gsoh,0,0,0,1,8,NA
40,2018-06-05,1,23 C,2,gsm1_AOP2.gsoh,1,0,0,1,8,NA
20,2018-06-05,1,20 C,2,gsm1_AOP2,1,1,0,0,8,NA
45,2018-06-05,1,23 C,2,Col_gsm1,1,0,1,0,8,NA
60,2018-06-05,1,23 C,2,gsm1_AOP2,1,1,0,0,8,NA
25,2018-06-05,1,20 C,1,AOP2,0,1,0,0,8,NA
38,2018-06-05,1,23 C,4,Poly,1,1,1,1,8,NA
18,2018-06-05,1,20 C,2,Col_AOP2.gsoh,0,0,1,1,8,NA
51,2018-06-05,1,23 C,1,gsm1,1,0,0,0,8,NA
33,2018-06-05,1,23 C,1,Col,0,0,1,0,8,NA
15,2018-06-05,1,20 C,1,AOP2.gsoh,0,0,0,1,8,NA
23,2018-06-05,1,20 C,2,AOP2_AOP2.gsoh,0,1,0,1,7,NA
2,2018-06-05,1,20 C,4,Poly,1,1,1,1,8,NA
9,2018-06-05,1,20 C,2,Col_gsm1,1,0,1,0,8,NA
24,2018-06-05,1,20 C,1,gsm1,1,0,0,0,8,NA
19,2018-06-05,1,20 C,2,AOP2_AOP2.gsoh,0,1,0,1,8,NA
17,2018-06-05,1,20 C,2,gsm1_AOP2,1,1,0,0,8,NA
39,2018-06-05,1,23 C,1,gsm1,1,0,0,0,8,NA
48,2018-06-05,1,23 C,2,AOP2_AOP2.gsoh,0,1,0,1,8,NA
31,2018-06-05,1,23 C,2,gsm1_AOP2,1,1,0,0,8,NA
4,2018-06-05,1,20 C,1,AOP2,0,1,0,0,8,NA
53,2018-06-05,1,23 C,4,Poly,1,1,1,1,8,NA
47,2018-06-05,1,23 C,2,gsm1_AOP2,1,1,0,0,8,NA
6,2018-06-05,1,20 C,2,Col_AOP2,0,1,1,0,8,NA
35,2018-06-05,1,23 C,2,AOP2_AOP2.gsoh,0,1,0,1,8,NA
34,2018-06-05,1,23 C,2,Col_AOP2.gsoh,0,0,1,1,8,NA
32,2018-06-05,1,23 C,1,Col,0,0,1,0,8,NA
29,2018-06-05,1,20 C,2,gsm1_AOP2.gsoh,1,0,0,1,8,NA
59,2018-06-05,1,23 C,2,Col_gsm1,1,0,1,0,8,NA
3,2018-06-05,1,20 C,2,gsm1_AOP2.gsoh,1,0,0,1,8,NA
1,2018-06-05,1,20 C,2,AOP2_AOP2.gsoh,0,1,0,1,8,NA
16,2018-06-05,1,20 C,2,Col_gsm1,1,0,1,0,8,NA
37,2018-06-11,2,23 C,2,gsm1_AOP2.gsoh,1,0,0,1,8,0.848
44,2018-06-11,2,23 C,1,AOP2,0,1,0,0,8,0.611
54,2018-06-11,2,23 C,1,AOP2.gsoh,0,0,0,1,8,0.375
27,2018-06-11,2,20 C,2,Col_AOP2,0,1,1,0,8,1.847
16,2018-06-11,2,20 C,2,Col_gsm1,1,0,1,0,8,1.182
48,2018-06-11,2,23 C,2,AOP2_AOP2.gsoh,0,1,0,1,8,0.508
42,2018-06-11,2,23 C,2,Col_AOP2,0,1,1,0,8,0.934
22,2018-06-11,2,20 C,1,AOP2.gsoh,0,0,0,1,8,0.783
30,2018-06-11,2,20 C,2,Col_gsm1,1,0,1,0,8,1.804
59,2018-06-11,2,23 C,2,Col_gsm1,1,0,1,0,8,1.408
43,2018-06-11,2,23 C,4,Poly,1,1,1,1,8,1.336
51,2018-06-11,2,23 C,1,gsm1,1,0,0,0,8,1.202
35,2018-06-11,2,23 C,2,AOP2_AOP2.gsoh,0,1,0,1,8,0.634
5,2018-06-11,2,20 C,1,gsm1,1,0,0,0,8,1.764
33,2018-06-11,2,23 C,1,Col,0,0,1,0,8,1.455
58,2018-06-11,2,23 C,2,Col_AOP2.gsoh,0,0,1,1,8,0.767
34,2018-06-11,2,23 C,2,Col_AOP2.gsoh,0,0,1,1,8,0.748
40,2018-06-11,2,23 C,2,gsm1_AOP2.gsoh,1,0,0,1,8,1.013
57,2018-06-11,2,23 C,2,AOP2_AOP2.gsoh,0,1,0,1,8,0.394
1,2018-06-11,2,20 C,2,AOP2_AOP2.gsoh,0,1,0,1,8,0.927
23,2018-06-11,2,20 C,2,AOP2_AOP2.gsoh,0,1,0,1,8,0.41
32,2018-06-11,2,23 C,1,Col,0,0,1,0,8,1.465
19,2018-06-11,2,20 C,2,AOP2_AOP2.gsoh,0,1,0,1,8,0.718
12,2018-06-11,2,20 C,4,Poly,1,1,1,1,8,1.388
53,2018-06-11,2,23 C,4,Poly,1,1,1,1,8,1.076
28,2018-06-11,2,20 C,2,Col_AOP2.gsoh,0,0,1,1,8,1.465
49,2018-06-11,2,23 C,2,Col_gsm1,1,0,1,0,8,0.84
46,2018-06-11,2,23 C,4,Poly,1,1,1,1,8,0.718
52,2018-06-11,2,23 C,1,AOP2,0,1,0,0,8,0.474
60,2018-06-11,2,23 C,2,gsm1_AOP2,1,1,0,0,8,0.978
11,2018-06-11,2,20 C,2,gsm1_AOP2,1,1,0,0,8,1.177
6,2018-06-11,2,20 C,2,Col_AOP2,0,1,1,0,8,0.908
31,2018-06-11,2,23 C,2,gsm1_AOP2,1,1,0,0,8,0.719
38,2018-06-11,2,23 C,4,Poly,1,1,1,1,8,0.752
3,2018-06-11,2,20 C,2,gsm1_AOP2.gsoh,1,0,0,1,8,0.886
15,2018-06-11,2,20 C,1,AOP2.gsoh,0,0,0,1,8,0.563
7,2018-06-11,2,20 C,4,Poly,1,1,1,1,8,1.433
36,2018-06-11,2,23 C,2,gsm1_AOP2.gsoh,1,0,0,1,8,0.711
17,2018-06-11,2,20 C,2,gsm1_AOP2,1,1,0,0,8,1.435
29,2018-06-11,2,20 C,2,gsm1_AOP2.gsoh,1,0,0,1,8,1.278
9,2018-06-11,2,20 C,2,Col_gsm1,1,0,1,0,8,1.388
4,2018-06-11,2,20 C,1,AOP2,0,1,0,0,8,0.682
41,2018-06-11,2,23 C,2,Col_AOP2,0,1,1,0,8,1.037
47,2018-06-11,2,23 C,2,gsm1_AOP2,1,1,0,0,8,1.037
2,2018-06-11,2,20 C,4,Poly,1,1,1,1,8,1.48
26,2018-06-11,2,20 C,1,Col,0,0,1,0,8,1.909
25,2018-06-11,2,20 C,1,AOP2,0,1,0,0,8,0.673
24,2018-06-11,2,20 C,1,gsm1,1,0,0,0,8,1.773
18,2018-06-11,2,20 C,2,Col_AOP2.gsoh,0,0,1,1,8,1.55
45,2018-06-11,2,23 C,2,Col_gsm1,1,0,1,0,8,1.352
21,2018-06-11,2,20 C,2,Col_AOP2,0,1,1,0,8,0.772
20,2018-06-11,2,20 C,2,gsm1_AOP2,1,1,0,0,8,1.324
13,2018-06-11,2,20 C,4,Poly,1,1,1,1,8,1.64
8,2018-06-11,2,20 C,2,Col_AOP2.gsoh,0,0,1,1,8,1.426
55,2018-06-11,2,23 C,2,Col_AOP2.gsoh,0,0,1,1,8,0.83
14,2018-06-11,2,20 C,1,Col,0,0,1,0,8,2.137
50,2018-06-11,2,23 C,2,Col_AOP2,0,1,1,0,8,1.495
10,2018-06-11,2,20 C,2,gsm1_AOP2.gsoh,1,0,0,1,8,0.961
39,2018-06-11,2,23 C,1,gsm1,1,0,0,0,8,1.347
56,2018-06-11,2,23 C,1,AOP2.gsoh,0,0,0,1,8,0.417
35,2018-06-19,3,23 C,2,AOP2_AOP2.gsoh,0,1,0,1,8,0.776
38,2018-06-19,3,23 C,4,Poly,1,1,1,1,8,1.366
48,2018-06-19,3,23 C,2,AOP2_AOP2.gsoh,0,1,0,1,8,0.972
4,2018-06-19,3,20 C,1,AOP2,0,1,0,0,8,1.646
36,2018-06-19,3,23 C,2,gsm1_AOP2.gsoh,1,0,0,1,8,0.946
58,2018-06-19,3,23 C,2,Col_AOP2.gsoh,0,0,1,1,8,0.937
29,2018-06-19,3,20 C,2,gsm1_AOP2.gsoh,1,0,0,1,8,2.734
43,2018-06-19,3,23 C,4,Poly,1,1,1,1,8,0.808
32,2018-06-19,3,23 C,1,Col,0,0,1,0,8,1.304
28,2018-06-19,3,20 C,2,Col_AOP2.gsoh,0,0,1,1,8,1.898
6,2018-06-19,3,20 C,2,Col_AOP2,0,1,1,0,8,2.142
10,2018-06-19,3,20 C,2,gsm1_AOP2.gsoh,1,0,0,1,8,1.317
52,2018-06-19,3,23 C,1,AOP2,0,1,0,0,8,0.758
44,2018-06-19,3,23 C,1,AOP2,0,1,0,0,8,0.837
23,2018-06-19,3,20 C,2,AOP2_AOP2.gsoh,0,1,0,1,8,0.813
34,2018-06-19,3,23 C,2,Col_AOP2.gsoh,0,0,1,1,8,1.171
57,2018-06-19,3,23 C,2,AOP2_AOP2.gsoh,0,1,0,1,8,0.699
30,2018-06-19,3,20 C,2,Col_gsm1,1,0,1,0,8,2.636
55,2018-06-19,3,23 C,2,Col_AOP2.gsoh,0,0,1,1,8,0.954
18,2018-06-19,3,20 C,2,Col_AOP2.gsoh,0,0,1,1,8,1.615
3,2018-06-19,3,20 C,2,gsm1_AOP2.gsoh,1,0,0,1,8,1.679
45,2018-06-19,3,23 C,2,Col_gsm1,1,0,1,0,8,1.513
31,2018-06-19,3,23 C,2,gsm1_AOP2,1,1,0,0,8,1.198
25,2018-06-19,3,20 C,1,AOP2,0,1,0,0,8,1.177
14,2018-06-19,3,20 C,1,Col,0,0,1,0,8,2.694
53,2018-06-19,3,23 C,4,Poly,1,1,1,1,8,0.983
19,2018-06-19,3,20 C,2,AOP2_AOP2.gsoh,0,1,0,1,8,2.19
42,2018-06-19,3,23 C,2,Col_AOP2,0,1,1,0,8,0.877
26,2018-06-19,3,20 C,1,Col,0,0,1,0,8,2.315
54,2018-06-19,3,23 C,1,AOP2.gsoh,0,0,0,1,8,0.77
39,2018-06-19,3,23 C,1,gsm1,1,0,0,0,8,1.138
15,2018-06-19,3,20 C,1,AOP2.gsoh,0,0,0,1,8,0.977
22,2018-06-19,3,20 C,1,AOP2.gsoh,0,0,0,1,8,1.814
11,2018-06-19,3,20 C,2,gsm1_AOP2,1,1,0,0,8,1.853
13,2018-06-19,3,20 C,4,Poly,1,1,1,1,8,1.484
59,2018-06-19,3,23 C,2,Col_gsm1,1,0,1,0,8,1.348
27,2018-06-19,3,20 C,2,Col_AOP2,0,1,1,0,8,1.837
5,2018-06-19,3,20 C,1,gsm1,1,0,0,0,8,2.046
12,2018-06-19,3,20 C,4,Poly,1,1,1,1,8,1.648
40,2018-06-19,3,23 C,2,gsm1_AOP2.gsoh,1,0,0,1,8,0.98
49,2018-06-19,3,23 C,2,Col_gsm1,1,0,1,0,8,1.155
16,2018-06-19,3,20 C,2,Col_gsm1,1,0,1,0,8,2.671
50,2018-06-19,3,23 C,2,Col_AOP2,0,1,1,0,8,1.305
24,2018-06-19,3,20 C,1,gsm1,1,0,0,0,8,2.588
8,2018-06-19,3,20 C,2,Col_AOP2.gsoh,0,0,1,1,8,2.652
7,2018-06-19,3,20 C,4,Poly,1,1,1,1,8,1.687
33,2018-06-19,3,23 C,1,Col,0,0,1,0,8,1.442
60,2018-06-19,3,23 C,2,gsm1_AOP2,1,1,0,0,8,1.194
46,2018-06-19,3,23 C,4,Poly,1,1,1,1,8,1.08
2,2018-06-19,3,20 C,4,Poly,1,1,1,1,8,2.347
37,2018-06-19,3,23 C,2,gsm1_AOP2.gsoh,1,0,0,1,8,1.006
51,2018-06-19,3,23 C,1,gsm1,1,0,0,0,8,1.498
20,2018-06-19,3,20 C,2,gsm1_AOP2,1,1,0,0,8,2.334
9,2018-06-19,3,20 C,2,Col_gsm1,1,0,1,0,8,2.297
21,2018-06-19,3,20 C,2,Col_AOP2,0,1,1,0,8,1.451
41,2018-06-19,3,23 C,2,Col_AOP2,0,1,1,0,8,0.958
47,2018-06-19,3,23 C,2,gsm1_AOP2,1,1,0,0,8,1.07
56,2018-06-19,3,23 C,1,AOP2.gsoh,0,0,0,1,8,0.866
17,2018-06-19,3,20 C,2,gsm1_AOP2,1,1,0,0,8,2.702
1,2018-06-19,3,20 C,2,AOP2_AOP2.gsoh,0,1,0,1,8,1.997
26,2018-06-26,4,20 C,1,Col,0,0,1,0,8,1.35
23,2018-06-26,4,20 C,2,AOP2_AOP2.gsoh,0,1,0,1,8,0.695
12,2018-06-26,4,20 C,4,Poly,1,1,1,1,8,1.156
38,2018-06-26,4,23 C,4,Poly,1,1,1,1,8,0.799
22,2018-06-26,4,20 C,1,AOP2.gsoh,0,0,0,1,8,0.957
27,2018-06-26,4,20 C,2,Col_AOP2,0,1,1,0,8,0.932
11,2018-06-26,4,20 C,2,gsm1_AOP2,1,1,0,0,8,0.781
34,2018-06-26,4,23 C,2,Col_AOP2.gsoh,0,0,1,1,8,0.902
29,2018-06-26,4,20 C,2,gsm1_AOP2.gsoh,1,0,0,1,8,0.876
24,2018-06-26,4,20 C,1,gsm1,1,0,0,0,8,1.038
49,2018-06-26,4,23 C,2,Col_gsm1,1,0,1,0,8,1.015
15,2018-06-26,4,20 C,1,AOP2.gsoh,0,0,0,1,8,0.741
52,2018-06-26,4,23 C,1,AOP2,0,1,0,0,8,0.493
19,2018-06-26,4,20 C,2,AOP2_AOP2.gsoh,0,1,0,1,8,0.769
30,2018-06-26,4,20 C,2,Col_gsm1,1,0,1,0,8,1.39
51,2018-06-26,4,23 C,1,gsm1,1,0,0,0,8,0.863
25,2018-06-26,4,20 C,1,AOP2,0,1,0,0,8,0.844
44,2018-06-26,4,23 C,1,AOP2,0,1,0,0,8,0.748
20,2018-06-26,4,20 C,2,gsm1_AOP2,1,1,0,0,8,1.312
13,2018-06-26,4,20 C,4,Poly,1,1,1,1,8,0.762
32,2018-06-26,4,23 C,1,Col,0,0,1,0,8,1.011
37,2018-06-26,4,23 C,2,gsm1_AOP2.gsoh,1,0,0,1,8,0.718
14,2018-06-26,4,20 C,1,Col,0,0,1,0,8,1.499
48,2018-06-26,4,23 C,2,AOP2_AOP2.gsoh,0,1,0,1,8,0.614
39,2018-06-26,4,23 C,1,gsm1,1,0,0,0,8,0.908
2,2018-06-26,4,20 C,4,Poly,1,1,1,1,8,0.988
10,2018-06-26,4,20 C,2,gsm1_AOP2.gsoh,1,0,0,1,8,0.846
31,2018-06-26,4,23 C,2,gsm1_AOP2,1,1,0,0,8,0.813
47,2018-06-26,4,23 C,2,gsm1_AOP2,1,1,0,0,8,0.684
40,2018-06-26,4,23 C,2,gsm1_AOP2.gsoh,1,0,0,1,8,0.892
43,2018-06-26,4,23 C,4,Poly,1,1,1,1,8,0.809
42,2018-06-26,4,23 C,2,Col_AOP2,0,1,1,0,8,0.902
59,2018-06-26,4,23 C,2,Col_gsm1,1,0,1,0,8,0.875
21,2018-06-26,4,20 C,2,Col_AOP2,0,1,1,0,8,0.927
35,2018-06-26,4,23 C,2,AOP2_AOP2.gsoh,0,1,0,1,8,0.584
8,2018-06-26,4,20 C,2,Col_AOP2.gsoh,0,0,1,1,8,1.1
28,2018-06-26,4,20 C,2,Col_AOP2.gsoh,0,0,1,1,8,1.164
55,2018-06-26,4,23 C,2,Col_AOP2.gsoh,0,0,1,1,8,0.7
41,2018-06-26,4,23 C,2,Col_AOP2,0,1,1,0,8,0.924
54,2018-06-26,4,23 C,1,AOP2.gsoh,0,0,0,1,8,0.693
9,2018-06-26,4,20 C,2,Col_gsm1,1,0,1,0,8,1.375
17,2018-06-26,4,20 C,2,gsm1_AOP2,1,1,0,0,8,0.597
60,2018-06-26,4,23 C,2,gsm1_AOP2,1,1,0,0,8,0.804
7,2018-06-26,4,20 C,4,Poly,1,1,1,1,8,1.5
50,2018-06-26,4,23 C,2,Col_AOP2,0,1,1,0,8,0.608
45,2018-06-26,4,23 C,2,Col_gsm1,1,0,1,0,8,0.707
57,2018-06-26,4,23 C,2,AOP2_AOP2.gsoh,0,1,0,1,8,0.714
58,2018-06-26,4,23 C,2,Col_AOP2.gsoh,0,0,1,1,8,1.024
5,2018-06-26,4,20 C,1,gsm1,1,0,0,0,8,1.005
56,2018-06-26,4,23 C,1,AOP2.gsoh,0,0,0,1,8,0.595
53,2018-06-26,4,23 C,4,Poly,1,1,1,1,8,0.887
33,2018-06-26,4,23 C,1,Col,0,0,1,0,8,1.003
1,2018-06-26,4,20 C,2,AOP2_AOP2.gsoh,0,1,0,1,8,0.949
16,2018-06-26,4,20 C,2,Col_gsm1,1,0,1,0,8,1.001
18,2018-06-26,4,20 C,2,Col_AOP2.gsoh,0,0,1,1,8,0.94
4,2018-06-26,4,20 C,1,AOP2,0,1,0,0,8,0.742
6,2018-06-26,4,20 C,2,Col_AOP2,0,1,1,0,8,1.089
46,2018-06-26,4,23 C,4,Poly,1,1,1,1,8,0.933
36,2018-06-26,4,23 C,2,gsm1_AOP2.gsoh,1,0,0,1,8,0.768
3,2018-06-26,4,20 C,2,gsm1_AOP2.gsoh,1,0,0,1,8,1.219
21,2018-07-03,5,20 C,2,Col_AOP2,0,1,1,0,8,1.074
34,2018-07-03,5,23 C,2,Col_AOP2.gsoh,0,0,1,1,8,1.209
36,2018-07-03,5,23 C,2,gsm1_AOP2.gsoh,1,0,0,1,8,1.682
59,2018-07-03,5,23 C,2,Col_gsm1,1,0,1,0,8,2.201
12,2018-07-03,5,20 C,4,Poly,1,1,1,1,8,0.823
58,2018-07-03,5,23 C,2,Col_AOP2.gsoh,0,0,1,1,8,1.761
19,2018-07-03,5,20 C,2,AOP2_AOP2.gsoh,0,1,0,1,8,0.519
38,2018-07-03,5,23 C,4,Poly,1,1,1,1,8,1.96
20,2018-07-03,5,20 C,2,gsm1_AOP2,1,1,0,0,8,1.06
45,2018-07-03,5,23 C,2,Col_gsm1,1,0,1,0,8,2
42,2018-07-03,5,23 C,2,Col_AOP2,0,1,1,0,8,1.829
53,2018-07-03,5,23 C,4,Poly,1,1,1,1,8,1.7
37,2018-07-03,5,23 C,2,gsm1_AOP2.gsoh,1,0,0,1,8,1.397
52,2018-07-03,5,23 C,1,AOP2,0,1,0,0,8,1.131
50,2018-07-03,5,23 C,2,Col_AOP2,0,1,1,0,8,1.689
48,2018-07-03,5,23 C,2,AOP2_AOP2.gsoh,0,1,0,1,8,0.856
57,2018-07-03,5,23 C,2,AOP2_AOP2.gsoh,0,1,0,1,8,1.129
10,2018-07-03,5,20 C,2,gsm1_AOP2.gsoh,1,0,0,1,8,1.265
13,2018-07-03,5,20 C,4,Poly,1,1,1,1,8,1.615
18,2018-07-03,5,20 C,2,Col_AOP2.gsoh,0,0,1,1,8,1.234
6,2018-07-03,5,20 C,2,Col_AOP2,0,1,1,0,8,1.063
11,2018-07-03,5,20 C,2,gsm1_AOP2,1,1,0,0,8,1.134
7,2018-07-03,5,20 C,4,Poly,1,1,1,1,8,0.871
9,2018-07-03,5,20 C,2,Col_gsm1,1,0,1,0,8,1.661
8,2018-07-03,5,20 C,2,Col_AOP2.gsoh,0,0,1,1,8,1.362
24,2018-07-03,5,20 C,1,gsm1,1,0,0,0,8,1.454
31,2018-07-03,5,23 C,2,gsm1_AOP2,1,1,0,0,8,1.489
22,2018-07-03,5,20 C,1,AOP2.gsoh,0,0,0,1,8,0.69
30,2018-07-03,5,20 C,2,Col_gsm1,1,0,1,0,8,1.463
14,2018-07-03,5,20 C,1,Col,0,0,1,0,8,1.512
33,2018-07-03,5,23 C,1,Col,0,0,1,0,8,2.111
4,2018-07-03,5,20 C,1,AOP2,0,1,0,0,8,0.81
60,2018-07-03,5,23 C,2,gsm1_AOP2,1,1,0,0,8,1.55
51,2018-07-03,5,23 C,1,gsm1,1,0,0,0,8,1.836
3,2018-07-03,5,20 C,2,gsm1_AOP2.gsoh,1,0,0,1,8,0.874
1,2018-07-03,5,20 C,2,AOP2_AOP2.gsoh,0,1,0,1,8,0.849
32,2018-07-03,5,23 C,1,Col,0,0,1,0,8,2.335
44,2018-07-03,5,23 C,1,AOP2,0,1,0,0,8,0.527
15,2018-07-03,5,20 C,1,AOP2.gsoh,0,0,0,1,8,0.673
56,2018-07-03,5,23 C,1,AOP2.gsoh,0,0,0,1,8,1.057
5,2018-07-03,5,20 C,1,gsm1,1,0,0,0,8,1.593
49,2018-07-03,5,23 C,2,Col_gsm1,1,0,1,0,8,1.504
40,2018-07-03,5,23 C,2,gsm1_AOP2.gsoh,1,0,0,1,8,1.196
2,2018-07-03,5,20 C,4,Poly,1,1,1,1,8,1.215
28,2018-07-03,5,20 C,2,Col_AOP2.gsoh,0,0,1,1,8,1.298
29,2018-07-03,5,20 C,2,gsm1_AOP2.gsoh,1,0,0,1,8,1.03
43,2018-07-03,5,23 C,4,Poly,1,1,1,1,8,1.341
54,2018-07-03,5,23 C,1,AOP2.gsoh,0,0,0,1,8,1.33
25,2018-07-03,5,20 C,1,AOP2,0,1,0,0,8,0.533
23,2018-07-03,5,20 C,2,AOP2_AOP2.gsoh,0,1,0,1,8,0.69
27,2018-07-03,5,20 C,2,Col_AOP2,0,1,1,0,8,1.323
35,2018-07-03,5,23 C,2,AOP2_AOP2.gsoh,0,1,0,1,8,1.138
16,2018-07-03,5,20 C,2,Col_gsm1,1,0,1,0,8,1.64
17,2018-07-03,5,20 C,2,gsm1_AOP2,1,1,0,0,8,1.282
47,2018-07-03,5,23 C,2,gsm1_AOP2,1,1,0,0,8,1.884
26,2018-07-03,5,20 C,1,Col,0,0,1,0,8,2.009
46,2018-07-03,5,23 C,4,Poly,1,1,1,1,8,1.44
41,2018-07-03,5,23 C,2,Col_AOP2,0,1,1,0,8,0.913
39,2018-07-03,5,23 C,1,gsm1,1,0,0,0,8,1.074
55,2018-07-03,5,23 C,2,Col_AOP2.gsoh,0,0,1,1,8,1.204
6,2018-07-10,6,20 C,2,Col_AOP2,0,1,1,0,8,1.491
32,2018-07-10,6,23 C,1,Col,0,0,1,0,8,2.707
39,2018-07-10,6,23 C,1,gsm1,1,0,0,0,8,0.831
48,2018-07-10,6,23 C,2,AOP2_AOP2.gsoh,0,1,0,1,8,1.57
53,2018-07-10,6,23 C,4,Poly,1,1,1,1,8,1.752
60,2018-07-10,6,23 C,2,gsm1_AOP2,1,1,0,0,8,2.084
27,2018-07-10,6,20 C,2,Col_AOP2,0,1,1,0,8,1.22
20,2018-07-10,6,20 C,2,gsm1_AOP2,1,1,0,0,8,1.802
7,2018-07-10,6,20 C,4,Poly,1,1,1,1,8,1.618
34,2018-07-10,6,23 C,2,Col_AOP2.gsoh,0,0,1,1,8,1.432
31,2018-07-10,6,23 C,2,gsm1_AOP2,1,1,0,0,8,1.748
42,2018-07-10,6,23 C,2,Col_AOP2,0,1,1,0,8,1.609
30,2018-07-10,6,20 C,2,Col_gsm1,1,0,1,0,8,1.259
15,2018-07-10,6,20 C,1,AOP2.gsoh,0,0,0,1,8,0.844
41,2018-07-10,6,23 C,2,Col_AOP2,0,1,1,0,8,1.042
5,2018-07-10,6,20 C,1,gsm1,1,0,0,0,8,1.825
18,2018-07-10,6,20 C,2,Col_AOP2.gsoh,0,0,1,1,8,1.415
56,2018-07-10,6,23 C,1,AOP2.gsoh,0,0,0,1,8,1.09
57,2018-07-10,6,23 C,2,AOP2_AOP2.gsoh,0,1,0,1,8,1.63
8,2018-07-10,6,20 C,2,Col_AOP2.gsoh,0,0,1,1,8,1.764
45,2018-07-10,6,23 C,2,Col_gsm1,1,0,1,0,8,2.486
43,2018-07-10,6,23 C,4,Poly,1,1,1,1,8,1.811
19,2018-07-10,6,20 C,2,AOP2_AOP2.gsoh,0,1,0,1,8,1.096
58,2018-07-10,6,23 C,2,Col_AOP2.gsoh,0,0,1,1,8,1.641
24,2018-07-10,6,20 C,1,gsm1,1,0,0,0,8,1.652
59,2018-07-10,6,23 C,2,Col_gsm1,1,0,1,0,8,3.234
21,2018-07-10,6,20 C,2,Col_AOP2,0,1,1,0,8,2.007
25,2018-07-10,6,20 C,1,AOP2,0,1,0,0,8,0.741
13,2018-07-10,6,20 C,4,Poly,1,1,1,1,8,1.371
3,2018-07-10,6,20 C,2,gsm1_AOP2.gsoh,1,0,0,1,8,1.347
36,2018-07-10,6,23 C,2,gsm1_AOP2.gsoh,1,0,0,1,8,1.914
22,2018-07-10,6,20 C,1,AOP2.gsoh,0,0,0,1,8,1.017
17,2018-07-10,6,20 C,2,gsm1_AOP2,1,1,0,0,8,1.348
26,2018-07-10,6,20 C,1,Col,0,0,1,0,8,2.384
49,2018-07-10,6,23 C,2,Col_gsm1,1,0,1,0,7,1.366
54,2018-07-10,6,23 C,1,AOP2.gsoh,0,0,0,1,8,1.646
55,2018-07-10,6,23 C,2,Col_AOP2.gsoh,0,0,1,1,8,1.457
40,2018-07-10,6,23 C,2,gsm1_AOP2.gsoh,1,0,0,1,8,1.971
1,2018-07-10,6,20 C,2,AOP2_AOP2.gsoh,0,1,0,1,8,0.846
46,2018-07-10,6,23 C,4,Poly,1,1,1,1,8,2.19
16,2018-07-10,6,20 C,2,Col_gsm1,1,0,1,0,8,2.451
10,2018-07-10,6,20 C,2,gsm1_AOP2.gsoh,1,0,0,1,8,1.56
47,2018-07-10,6,23 C,2,gsm1_AOP2,1,1,0,0,8,1.741
23,2018-07-10,6,20 C,2,AOP2_AOP2.gsoh,0,1,0,1,8,1.212
28,2018-07-10,6,20 C,2,Col_AOP2.gsoh,0,0,1,1,8,1.714
50,2018-07-10,6,23 C,2,Col_AOP2,0,1,1,0,8,2.635
14,2018-07-10,6,20 C,1,Col,0,0,1,0,8,1.102
35,2018-07-10,6,23 C,2,AOP2_AOP2.gsoh,0,1,0,1,8,1.331
12,2018-07-10,6,20 C,4,Poly,1,1,1,1,8,1.706
52,2018-07-10,6,23 C,1,AOP2,0,1,0,0,8,1.374
37,2018-07-10,6,23 C,2,gsm1_AOP2.gsoh,1,0,0,1,8,2.241
38,2018-07-10,6,23 C,4,Poly,1,1,1,1,8,2.325
51,2018-07-10,6,23 C,1,gsm1,1,0,0,0,8,2.248
11,2018-07-10,6,20 C,2,gsm1_AOP2,1,1,0,0,8,1.348
9,2018-07-10,6,20 C,2,Col_gsm1,1,0,1,0,8,1.83
29,2018-07-10,6,20 C,2,gsm1_AOP2.gsoh,1,0,0,1,8,1.761
2,2018-07-10,6,20 C,4,Poly,1,1,1,1,8,1.229
4,2018-07-10,6,20 C,1,AOP2,0,1,0,0,8,1.104
33,2018-07-10,6,23 C,1,Col,0,0,1,0,8,2.765
44,2018-07-10,6,23 C,1,AOP2,0,1,0,0,8,0.676
44,2018-07-17,7,23 C,1,AOP2,0,1,0,0,8,1.265
48,2018-07-17,7,23 C,2,AOP2_AOP2.gsoh,0,1,0,1,7,1.441
32,2018-07-17,7,23 C,1,Col,0,0,1,0,8,3.043
53,2018-07-17,7,23 C,4,Poly,1,1,1,1,8,0.741
34,2018-07-17,7,23 C,2,Col_AOP2.gsoh,0,0,1,1,8,1.502
59,2018-07-17,7,23 C,2,Col_gsm1,1,0,1,0,8,2.13
37,2018-07-17,7,23 C,2,gsm1_AOP2.gsoh,1,0,0,1,8,2.11
38,2018-07-17,7,23 C,4,Poly,1,1,1,1,8,1.936
52,2018-07-17,7,23 C,1,AOP2,0,1,0,0,8,1.367
45,2018-07-17,7,23 C,2,Col_gsm1,1,0,1,0,8,2.608
8,2018-07-17,7,20 C,2,Col_AOP2.gsoh,0,0,1,1,8,1.474
6,2018-07-17,7,20 C,2,Col_AOP2,0,1,1,0,8,1.786
23,2018-07-17,7,20 C,2,AOP2_AOP2.gsoh,0,1,0,1,8,1.233
17,2018-07-17,7,20 C,2,gsm1_AOP2,1,1,0,0,8,1.565
24,2018-07-17,7,20 C,1,gsm1,1,0,0,0,8,2.342
16,2018-07-17,7,20 C,2,Col_gsm1,1,0,1,0,8,2.412
21,2018-07-17,7,20 C,2,Col_AOP2,0,1,1,0,8,1.799
18,2018-07-17,7,20 C,2,Col_AOP2.gsoh,0,0,1,1,8,1.63
20,2018-07-17,7,20 C,2,gsm1_AOP2,1,1,0,0,8,1.626
33,2018-07-17,7,23 C,1,Col,0,0,1,0,8,2.982
31,2018-07-17,7,23 C,2,gsm1_AOP2,1,1,0,0,8,1.616
39,2018-07-17,7,23 C,1,gsm1,1,0,0,0,8,1.912
51,2018-07-17,7,23 C,1,gsm1,1,0,0,0,8,2.717
43,2018-07-17,7,23 C,4,Poly,1,1,1,1,8,1.462
36,2018-07-17,7,23 C,2,gsm1_AOP2.gsoh,1,0,0,1,8,2.149
25,2018-07-17,7,20 C,1,AOP2,0,1,0,0,8,1.269
14,2018-07-17,7,20 C,1,Col,0,0,1,0,8,1.459
10,2018-07-17,7,20 C,2,gsm1_AOP2.gsoh,1,0,0,1,8,1.928
5,2018-07-17,7,20 C,1,gsm1,1,0,0,0,8,1.795
15,2018-07-17,7,20 C,1,AOP2.gsoh,0,0,0,1,8,1.452
11,2018-07-17,7,20 C,2,gsm1_AOP2,1,1,0,0,8,1.885
1,2018-07-17,7,20 C,2,AOP2_AOP2.gsoh,0,1,0,1,8,1.11
2,2018-07-17,7,20 C,4,Poly,1,1,1,1,8,1.191
30,2018-07-17,7,20 C,2,Col_gsm1,1,0,1,0,8,1.286
41,2018-07-17,7,23 C,2,Col_AOP2,0,1,1,0,8,1.024
56,2018-07-17,7,23 C,1,AOP2.gsoh,0,0,0,1,8,1.904
55,2018-07-17,7,23 C,2,Col_AOP2.gsoh,0,0,1,1,8,1.263
58,2018-07-17,7,23 C,2,Col_AOP2.gsoh,0,0,1,1,8,2.014
35,2018-07-17,7,23 C,2,AOP2_AOP2.gsoh,0,1,0,1,8,1.331
49,2018-07-17,7,23 C,2,Col_gsm1,1,0,1,0,8,1.88
42,2018-07-17,7,23 C,2,Col_AOP2,0,1,1,0,8,2.525
47,2018-07-17,7,23 C,2,gsm1_AOP2,1,1,0,0,8,1.845
27,2018-07-17,7,20 C,2,Col_AOP2,0,1,1,0,8,1.691
4,2018-07-17,7,20 C,1,AOP2,0,1,0,0,8,1.292
13,2018-07-17,7,20 C,4,Poly,1,1,1,1,8,1.337
7,2018-07-17,7,20 C,4,Poly,1,1,1,1,8,2.041
28,2018-07-17,7,20 C,2,Col_AOP2.gsoh,0,0,1,1,8,2.04
19,2018-07-17,7,20 C,2,AOP2_AOP2.gsoh,0,1,0,1,8,1.187
22,2018-07-17,7,20 C,1,AOP2.gsoh,0,0,0,1,8,1.411
29,2018-07-17,7,20 C,2,gsm1_AOP2.gsoh,1,0,0,1,8,2.054
12,2018-07-17,7,20 C,4,Poly,1,1,1,1,8,2.092
9,2018-07-17,7,20 C,2,Col_gsm1,1,0,1,0,8,2.337
26,2018-07-17,7,20 C,1,Col,0,0,1,0,8,2.547
3,2018-07-17,7,20 C,2,gsm1_AOP2.gsoh,1,0,0,1,8,1.823
60,2018-07-17,7,23 C,2,gsm1_AOP2,1,1,0,0,8,1.773
46,2018-07-17,7,23 C,4,Poly,1,1,1,1,8,2.459
40,2018-07-17,7,23 C,2,gsm1_AOP2.gsoh,1,0,0,1,8,1.709
54,2018-07-17,7,23 C,1,AOP2.gsoh,0,0,0,1,8,3.655
57,2018-07-17,7,23 C,2,AOP2_AOP2.gsoh,0,1,0,1,8,1.398
50,2018-07-17,7,23 C,2,Col_AOP2,0,1,1,0,8,2.478
20,2018-07-24,8,20 C,2,gsm1_AOP2,1,1,0,0,8,2.086
16,2018-07-24,8,20 C,2,Col_gsm1,1,0,1,0,8,2.563
6,2018-07-24,8,20 C,2,Col_AOP2,0,1,1,0,8,2.148
17,2018-07-24,8,20 C,2,gsm1_AOP2,1,1,0,0,8,2.272
24,2018-07-24,8,20 C,1,gsm1,1,0,0,0,8,2.505
8,2018-07-24,8,20 C,2,Col_AOP2.gsoh,0,0,1,1,8,2.039
23,2018-07-24,8,20 C,2,AOP2_AOP2.gsoh,0,1,0,1,8,1.49
18,2018-07-24,8,20 C,2,Col_AOP2.gsoh,0,0,1,1,8,2.575
21,2018-07-24,8,20 C,2,Col_AOP2,0,1,1,0,8,2.088
42,2018-07-24,8,23 C,2,Col_AOP2,0,1,1,0,8,2.098
35,2018-07-24,8,23 C,2,AOP2_AOP2.gsoh,0,1,0,1,8,1.281
37,2018-07-24,8,23 C,2,gsm1_AOP2.gsoh,1,0,0,1,8,1.722
41,2018-07-24,8,23 C,2,Col_AOP2,0,1,1,0,8,1.701
49,2018-07-24,8,23 C,2,Col_gsm1,1,0,1,0,8,2.15
55,2018-07-24,8,23 C,2,Col_AOP2.gsoh,0,0,1,1,8,1.679
56,2018-07-24,8,23 C,1,AOP2.gsoh,0,0,0,1,8,1.687
47,2018-07-24,8,23 C,2,gsm1_AOP2,1,1,0,0,8,2.156
27,2018-07-24,8,20 C,2,Col_AOP2,0,1,1,0,8,2.098
12,2018-07-24,8,20 C,4,Poly,1,1,1,1,8,2.363
3,2018-07-24,8,20 C,2,gsm1_AOP2.gsoh,1,0,0,1,8,2.223
26,2018-07-24,8,20 C,1,Col,0,0,1,0,8,2.867
9,2018-07-24,8,20 C,2,Col_gsm1,1,0,1,0,8,2.051
58,2018-07-24,8,23 C,2,Col_AOP2.gsoh,0,0,1,1,8,2.954
36,2018-07-24,8,23 C,2,gsm1_AOP2.gsoh,1,0,0,1,8,1.998
31,2018-07-24,8,23 C,2,gsm1_AOP2,1,1,0,0,8,2.423
51,2018-07-24,8,23 C,1,gsm1,1,0,0,0,8,2.513
39,2018-07-24,8,23 C,1,gsm1,1,0,0,0,8,2.793
33,2018-07-24,8,23 C,1,Col,0,0,1,0,8,3.47
43,2018-07-24,8,23 C,4,Poly,1,1,1,1,8,2.445
2,2018-07-24,8,20 C,4,Poly,1,1,1,1,8,2.193
52,2018-07-24,8,23 C,1,AOP2,0,1,0,0,8,1.851
38,2018-07-24,8,23 C,4,Poly,1,1,1,1,8,2.037
45,2018-07-24,8,23 C,2,Col_gsm1,1,0,1,0,8,3.022
40,2018-07-24,8,23 C,2,gsm1_AOP2.gsoh,1,0,0,1,8,2.101
50,2018-07-24,8,23 C,2,Col_AOP2,0,1,1,0,8,2.563
32,2018-07-24,8,23 C,1,Col,0,0,1,0,8,3.009
34,2018-07-24,8,23 C,2,Col_AOP2.gsoh,0,0,1,1,8,2.228
60,2018-07-24,8,23 C,2,gsm1_AOP2,1,1,0,0,8,2.262
57,2018-07-24,8,23 C,2,AOP2_AOP2.gsoh,0,1,0,1,8,1.331
54,2018-07-24,8,23 C,1,AOP2.gsoh,0,0,0,1,8,1.65
48,2018-07-24,8,23 C,2,AOP2_AOP2.gsoh,0,1,0,1,8,1.419
44,2018-07-24,8,23 C,1,AOP2,0,1,0,0,8,1.926
59,2018-07-24,8,23 C,2,Col_gsm1,1,0,1,0,8,2.628
46,2018-07-24,8,23 C,4,Poly,1,1,1,1,8,2.589
53,2018-07-24,8,23 C,4,Poly,1,1,1,1,8,1.633
28,2018-07-24,8,20 C,2,Col_AOP2.gsoh,0,0,1,1,8,2.426
10,2018-07-24,8,20 C,2,gsm1_AOP2.gsoh,1,0,0,1,8,2.441
22,2018-07-24,8,20 C,1,AOP2.gsoh,0,0,0,1,8,1.466
5,2018-07-24,8,20 C,1,gsm1,1,0,0,0,8,2.63
1,2018-07-24,8,20 C,2,AOP2_AOP2.gsoh,0,1,0,1,8,1.631
19,2018-07-24,8,20 C,2,AOP2_AOP2.gsoh,0,1,0,1,8,1.863
29,2018-07-24,8,20 C,2,gsm1_AOP2.gsoh,1,0,0,1,8,1.736
4,2018-07-24,8,20 C,1,AOP2,0,1,0,0,8,1.736
30,2018-07-24,8,20 C,2,Col_gsm1,1,0,1,0,8,2.542
13,2018-07-24,8,20 C,4,Poly,1,1,1,1,8,2.251
14,2018-07-24,8,20 C,1,Col,0,0,1,0,8,3.023
7,2018-07-24,8,20 C,4,Poly,1,1,1,1,8,2.192
25,2018-07-24,8,20 C,1,AOP2,0,1,0,0,8,1.626
11,2018-07-24,8,20 C,2,gsm1_AOP2,1,1,0,0,8,1.963
15,2018-07-24,8,20 C,1,AOP2.gsoh,0,0,0,1,8,2.009
24,2018-07-31,9,20 C,1,gsm1,1,0,0,0,8,2.814
18,2018-07-31,9,20 C,2,Col_AOP2.gsoh,0,0,1,1,8,1.677
28,2018-07-31,9,20 C,2,Col_AOP2.gsoh,0,0,1,1,8,2.447
20,2018-07-31,9,20 C,2,gsm1_AOP2,1,1,0,0,8,1.479
26,2018-07-31,9,20 C,1,Col,0,0,1,0,8,2.622
9,2018-07-31,9,20 C,2,Col_gsm1,1,0,1,0,8,2.582
10,2018-07-31,9,20 C,2,gsm1_AOP2.gsoh,1,0,0,1,8,1.728
2,2018-07-31,9,20 C,4,Poly,1,1,1,1,8,2.124
27,2018-07-31,9,20 C,2,Col_AOP2,0,1,1,0,8,2.125
22,2018-07-31,9,20 C,1,AOP2.gsoh,0,0,0,1,8,1.074
5,2018-07-31,9,20 C,1,gsm1,1,0,0,0,8,2.168
23,2018-07-31,9,20 C,2,AOP2_AOP2.gsoh,0,1,0,1,8,1.152
8,2018-07-31,9,20 C,2,Col_AOP2.gsoh,0,0,1,1,8,2.473
12,2018-07-31,9,20 C,4,Poly,1,1,1,1,8,2.172
21,2018-07-31,9,20 C,2,Col_AOP2,0,1,1,0,8,2.644
16,2018-07-31,9,20 C,2,Col_gsm1,1,0,1,0,8,2.51
45,2018-07-31,9,23 C,2,Col_gsm1,1,0,1,0,8,2.33
56,2018-07-31,9,23 C,1,AOP2.gsoh,0,0,0,1,8,1.195
41,2018-07-31,9,23 C,2,Col_AOP2,0,1,1,0,8,2.02
44,2018-07-31,9,23 C,1,AOP2,0,1,0,0,8,1.197
57,2018-07-31,9,23 C,2,AOP2_AOP2.gsoh,0,1,0,1,8,1.413
37,2018-07-31,9,23 C,2,gsm1_AOP2.gsoh,1,0,0,1,8,2.052
60,2018-07-31,9,23 C,2,gsm1_AOP2,1,1,0,0,8,2.255
40,2018-07-31,9,23 C,2,gsm1_AOP2.gsoh,1,0,0,1,8,2.212
53,2018-07-31,9,23 C,4,Poly,1,1,1,1,8,2.395
51,2018-07-31,9,23 C,1,gsm1,1,0,0,0,8,2.494
34,2018-07-31,9,23 C,2,Col_AOP2.gsoh,0,0,1,1,8,2.473
39,2018-07-31,9,23 C,1,gsm1,1,0,0,0,8,2.171
52,2018-07-31,9,23 C,1,AOP2,0,1,0,0,8,1.588
36,2018-07-31,9,23 C,2,gsm1_AOP2.gsoh,1,0,0,1,8,1.842
42,2018-07-31,9,23 C,2,Col_AOP2,0,1,1,0,8,2.628
58,2018-07-31,9,23 C,2,Col_AOP2.gsoh,0,0,1,1,8,2.196
43,2018-07-31,9,23 C,4,Poly,1,1,1,1,8,2.524
15,2018-07-31,9,20 C,1,AOP2.gsoh,0,0,0,1,8,1.988
17,2018-07-31,9,20 C,2,gsm1_AOP2,1,1,0,0,8,2.379
19,2018-07-31,9,20 C,2,AOP2_AOP2.gsoh,0,1,0,1,8,1.08
25,2018-07-31,9,20 C,1,AOP2,0,1,0,0,8,1.382
14,2018-07-31,9,20 C,1,Col,0,0,1,0,8,3.191
13,2018-07-31,9,20 C,4,Poly,1,1,1,1,8,1.688
1,2018-07-31,9,20 C,2,AOP2_AOP2.gsoh,0,1,0,1,8,0.653
30,2018-07-31,9,20 C,2,Col_gsm1,1,0,1,0,8,2.222
6,2018-07-31,9,20 C,2,Col_AOP2,0,1,1,0,8,2.429
29,2018-07-31,9,20 C,2,gsm1_AOP2.gsoh,1,0,0,1,8,1.923
4,2018-07-31,9,20 C,1,AOP2,0,1,0,0,8,1.793
7,2018-07-31,9,20 C,4,Poly,1,1,1,1,8,2.077
11,2018-07-31,9,20 C,2,gsm1_AOP2,1,1,0,0,8,2.213
3,2018-07-31,9,20 C,2,gsm1_AOP2.gsoh,1,0,0,1,8,1.903
31,2018-07-31,9,23 C,2,gsm1_AOP2,1,1,0,0,8,2.301
46,2018-07-31,9,23 C,4,Poly,1,1,1,1,8,2.214
50,2018-07-31,9,23 C,2,Col_AOP2,0,1,1,0,8,1.757
55,2018-07-31,9,23 C,2,Col_AOP2.gsoh,0,0,1,1,8,2.402
54,2018-07-31,9,23 C,1,AOP2.gsoh,0,0,0,1,8,0.548
35,2018-07-31,9,23 C,2,AOP2_AOP2.gsoh,0,1,0,1,8,1.484
47,2018-07-31,9,23 C,2,gsm1_AOP2,1,1,0,0,8,2.235
38,2018-07-31,9,23 C,4,Poly,1,1,1,1,8,1.922
33,2018-07-31,9,23 C,1,Col,0,0,1,0,8,3.306
49,2018-07-31,9,23 C,2,Col_gsm1,1,0,1,0,8,2.311
32,2018-07-31,9,23 C,1,Col,0,0,1,0,8,3.301
59,2018-07-31,9,23 C,2,Col_gsm1,1,0,1,0,8,2.452
48,2018-07-31,9,23 C,2,AOP2_AOP2.gsoh,0,1,0,1,8,1.398
13,2018-08-07,10,20 C,4,Poly,1,1,1,1,8,2.053
19,2018-08-07,10,20 C,2,AOP2_AOP2.gsoh,0,1,0,1,8,1.177
14,2018-08-07,10,20 C,1,Col,0,0,1,0,8,2.627
17,2018-08-07,10,20 C,2,gsm1_AOP2,1,1,0,0,8,1.394
7,2018-08-07,10,20 C,4,Poly,1,1,1,1,8,1.69
15,2018-08-07,10,20 C,1,AOP2.gsoh,0,0,0,1,8,1.372
11,2018-08-07,10,20 C,2,gsm1_AOP2,1,1,0,0,8,1.799
1,2018-08-07,10,20 C,2,AOP2_AOP2.gsoh,0,1,0,1,8,1.059
29,2018-08-07,10,20 C,2,gsm1_AOP2.gsoh,1,0,0,1,8,1.352
6,2018-08-07,10,20 C,2,Col_AOP2,0,1,1,0,8,1.587
25,2018-08-07,10,20 C,1,AOP2,0,1,0,0,8,1.322
4,2018-08-07,10,20 C,1,AOP2,0,1,0,0,8,0.901
30,2018-08-07,10,20 C,2,Col_gsm1,1,0,1,0,8,1.586
21,2018-08-07,10,20 C,2,Col_AOP2,0,1,1,0,8,2.034
16,2018-08-07,10,20 C,2,Col_gsm1,1,0,1,0,8,1.93
27,2018-08-07,10,20 C,2,Col_AOP2,0,1,1,0,8,1.887
22,2018-08-07,10,20 C,1,AOP2.gsoh,0,0,0,1,8,0.7
26,2018-08-07,10,20 C,1,Col,0,0,1,0,8,2.119
18,2018-08-07,10,20 C,2,Col_AOP2.gsoh,0,0,1,1,8,1.603
5,2018-08-07,10,20 C,1,gsm1,1,0,0,0,8,1.753
20,2018-08-07,10,20 C,2,gsm1_AOP2,1,1,0,0,8,1.724
3,2018-08-07,10,20 C,2,gsm1_AOP2.gsoh,1,0,0,1,8,1.391
2,2018-08-07,10,20 C,4,Poly,1,1,1,1,8,1.034
28,2018-08-07,10,20 C,2,Col_AOP2.gsoh,0,0,1,1,8,1.924
10,2018-08-07,10,20 C,2,gsm1_AOP2.gsoh,1,0,0,1,8,1.122
24,2018-08-07,10,20 C,1,gsm1,1,0,0,0,8,1.758
9,2018-08-07,10,20 C,2,Col_gsm1,1,0,1,0,8,1.987
8,2018-08-07,10,20 C,2,Col_AOP2.gsoh,0,0,1,1,8,1.571
23,2018-08-07,10,20 C,2,AOP2_AOP2.gsoh,0,1,0,1,8,1.018
12,2018-08-07,10,20 C,4,Poly,1,1,1,1,8,1.662
39,2018-08-07,10,23 C,1,gsm1,1,0,0,0,8,1.599
41,2018-08-07,10,23 C,2,Col_AOP2,0,1,1,0,8,1.019
52,2018-08-07,10,23 C,1,AOP2,0,1,0,0,8,0.87
36,2018-08-07,10,23 C,2,gsm1_AOP2.gsoh,1,0,0,1,8,1.599
60,2018-08-07,10,23 C,2,gsm1_AOP2,1,1,0,0,8,1.457
43,2018-08-07,10,23 C,4,Poly,1,1,1,1,8,1.156
44,2018-08-07,10,23 C,1,AOP2,0,1,0,0,8,1.006
53,2018-08-07,10,23 C,4,Poly,1,1,1,1,8,1.707
45,2018-08-07,10,23 C,2,Col_gsm1,1,0,1,0,8,1.788
37,2018-08-07,10,23 C,2,gsm1_AOP2.gsoh,1,0,0,1,8,1.351
40,2018-08-07,10,23 C,2,gsm1_AOP2.gsoh,1,0,0,1,8,1.08
42,2018-08-07,10,23 C,2,Col_AOP2,0,1,1,0,8,1.592
51,2018-08-07,10,23 C,1,gsm1,1,0,0,0,8,1.769
56,2018-08-07,10,23 C,1,AOP2.gsoh,0,0,0,1,7,0.972
58,2018-08-07,10,23 C,2,Col_AOP2.gsoh,0,0,1,1,7,1.158
57,2018-08-07,10,23 C,2,AOP2_AOP2.gsoh,0,1,0,1,8,0.988
34,2018-08-07,10,23 C,2,Col_AOP2.gsoh,0,0,1,1,8,1.145
35,2018-08-07,10,23 C,2,AOP2_AOP2.gsoh,0,1,0,1,8,0.986
47,2018-08-07,10,23 C,2,gsm1_AOP2,1,1,0,0,8,1.251
31,2018-08-07,10,23 C,2,gsm1_AOP2,1,1,0,0,8,1.462
33,2018-08-07,10,23 C,1,Col,0,0,1,0,8,1.615
59,2018-08-07,10,23 C,2,Col_gsm1,1,0,1,0,8,1.743
48,2018-08-07,10,23 C,2,AOP2_AOP2.gsoh,0,1,0,1,8,0.984
46,2018-08-07,10,23 C,4,Poly,1,1,1,1,8,1.333
32,2018-08-07,10,23 C,1,Col,0,0,1,0,8,1.971
54,2018-08-07,10,23 C,1,AOP2.gsoh,0,0,0,1,8,0.403
38,2018-08-07,10,23 C,4,Poly,1,1,1,1,8,1.108
49,2018-08-07,10,23 C,2,Col_gsm1,1,0,1,0,8,1.815
55,2018-08-07,10,23 C,2,Col_AOP2.gsoh,0,0,1,1,7,0.785
50,2018-08-07,10,23 C,2,Col_AOP2,0,1,1,0,8,1.862
15,2018-08-14,11,20 C,1,AOP2.gsoh,0,0,0,1,8,1.08
31,2018-08-14,11,23 C,2,gsm1_AOP2,1,1,0,0,8,1.606
6,2018-08-14,11,20 C,2,Col_AOP2,0,1,1,0,8,1.405
49,2018-08-14,11,23 C,2,Col_gsm1,1,0,1,0,8,1.753
8,2018-08-14,11,20 C,2,Col_AOP2.gsoh,0,0,1,1,8,1.488
44,2018-08-14,11,23 C,1,AOP2,0,1,0,0,8,1.202
1,2018-08-14,11,20 C,2,AOP2_AOP2.gsoh,0,1,0,1,8,1.344
56,2018-08-14,11,23 C,1,AOP2.gsoh,0,0,0,1,8,1.38
26,2018-08-14,11,20 C,1,Col,0,0,1,0,8,2.593
57,2018-08-14,11,23 C,2,AOP2_AOP2.gsoh,0,1,0,1,8,1.436
17,2018-08-14,11,20 C,2,gsm1_AOP2,1,1,0,0,8,1.633
59,2018-08-14,11,23 C,2,Col_gsm1,1,0,1,0,8,1.467
28,2018-08-14,11,20 C,2,Col_AOP2.gsoh,0,0,1,1,8,1.619
42,2018-08-14,11,23 C,2,Col_AOP2,0,1,1,0,8,1.563
22,2018-08-14,11,20 C,1,AOP2.gsoh,0,0,0,1,8,0.632
34,2018-08-14,11,23 C,2,Col_AOP2.gsoh,0,0,1,1,8,1.647
37,2018-08-14,11,23 C,2,gsm1_AOP2.gsoh,1,0,0,1,8,0.834
12,2018-08-14,11,20 C,4,Poly,1,1,1,1,8,1.459
36,2018-08-14,11,23 C,2,gsm1_AOP2.gsoh,1,0,0,1,8,1.388
2,2018-08-14,11,20 C,4,Poly,1,1,1,1,8,1.682
48,2018-08-14,11,23 C,2,AOP2_AOP2.gsoh,0,1,0,1,8,1.212
18,2018-08-14,11,20 C,2,Col_AOP2.gsoh,0,0,1,1,8,2.013
47,2018-08-14,11,23 C,2,gsm1_AOP2,1,1,0,0,8,1.408
5,2018-08-14,11,20 C,1,gsm1,1,0,0,0,8,1.643
35,2018-08-14,11,23 C,2,AOP2_AOP2.gsoh,0,1,0,1,8,0.76
29,2018-08-14,11,20 C,2,gsm1_AOP2.gsoh,1,0,0,1,8,1.48
33,2018-08-14,11,23 C,1,Col,0,0,1,0,8,1.664
24,2018-08-14,11,20 C,1,gsm1,1,0,0,0,8,1.925
32,2018-08-14,11,23 C,1,Col,0,0,1,0,8,1.704
3,2018-08-14,11,20 C,2,gsm1_AOP2.gsoh,1,0,0,1,8,1.14
45,2018-08-14,11,23 C,2,Col_gsm1,1,0,1,0,8,2.299
4,2018-08-14,11,20 C,1,AOP2,0,1,0,0,8,1.416
52,2018-08-14,11,23 C,1,AOP2,0,1,0,0,8,0.888
10,2018-08-14,11,20 C,2,gsm1_AOP2.gsoh,1,0,0,1,8,1.732
38,2018-08-14,11,23 C,4,Poly,1,1,1,1,8,1.388
30,2018-08-14,11,20 C,2,Col_gsm1,1,0,1,0,8,2.125
23,2018-08-14,11,20 C,2,AOP2_AOP2.gsoh,0,1,0,1,8,1.365
55,2018-08-14,11,23 C,2,Col_AOP2.gsoh,0,0,1,1,8,2.193
14,2018-08-14,11,20 C,1,Col,0,0,1,0,8,1.612
39,2018-08-14,11,23 C,1,gsm1,1,0,0,0,8,1.83
60,2018-08-14,11,23 C,2,gsm1_AOP2,1,1,0,0,8,1.73
20,2018-08-14,11,20 C,2,gsm1_AOP2,1,1,0,0,8,0.853
53,2018-08-14,11,23 C,4,Poly,1,1,1,1,8,1.359
27,2018-08-14,11,20 C,2,Col_AOP2,0,1,1,0,8,2.096
46,2018-08-14,11,23 C,4,Poly,1,1,1,1,8,0.721
9,2018-08-14,11,20 C,2,Col_gsm1,1,0,1,0,8,1.91
50,2018-08-14,11,23 C,2,Col_AOP2,0,1,1,0,8,1.637
21,2018-08-14,11,20 C,2,Col_AOP2,0,1,1,0,8,1.952
40,2018-08-14,11,23 C,2,gsm1_AOP2.gsoh,1,0,0,1,8,0.758
11,2018-08-14,11,20 C,2,gsm1_AOP2,1,1,0,0,8,1.544
54,2018-08-14,11,23 C,1,AOP2.gsoh,0,0,0,1,8,0.466
51,2018-08-14,11,23 C,1,gsm1,1,0,0,0,8,1.96
13,2018-08-14,11,20 C,4,Poly,1,1,1,1,8,1.959
58,2018-08-14,11,23 C,2,Col_AOP2.gsoh,0,0,1,1,8,1.939
41,2018-08-14,11,23 C,2,Col_AOP2,0,1,1,0,8,1.807
43,2018-08-14,11,23 C,4,Poly,1,1,1,1,8,1.593
16,2018-08-14,11,20 C,2,Col_gsm1,1,0,1,0,8,2.368
25,2018-08-14,11,20 C,1,AOP2,0,1,0,0,8,1.393
7,2018-08-14,11,20 C,4,Poly,1,1,1,1,8,2.171
19,2018-08-14,11,20 C,2,AOP2_AOP2.gsoh,0,1,0,1,8,1.383
59,2018-08-21,12,23 C,2,Col_gsm1,1,0,1,0,8,0.589
8,2018-08-21,12,20 C,2,Col_AOP2.gsoh,0,0,1,1,8,1.838
24,2018-08-21,12,20 C,1,gsm1,1,0,0,0,8,1.595
50,2018-08-21,12,23 C,2,Col_AOP2,0,1,1,0,8,1.164
34,2018-08-21,12,23 C,2,Col_AOP2.gsoh,0,0,1,1,8,0.36
28,2018-08-21,12,20 C,2,Col_AOP2.gsoh,0,0,1,1,8,1.18
6,2018-08-21,12,20 C,2,Col_AOP2,0,1,1,0,8,1.255
37,2018-08-21,12,23 C,2,gsm1_AOP2.gsoh,1,0,0,1,8,0.267
49,2018-08-21,12,23 C,2,Col_gsm1,1,0,1,0,8,0.933
51,2018-08-21,12,23 C,1,gsm1,1,0,0,0,8,1.196
42,2018-08-21,12,23 C,2,Col_AOP2,0,1,1,0,8,1.335
2,2018-08-21,12,20 C,4,Poly,1,1,1,1,8,0.958
57,2018-08-21,12,23 C,2,AOP2_AOP2.gsoh,0,1,0,1,8,1.074
33,2018-08-21,12,23 C,1,Col,0,0,1,0,8,0.689
25,2018-08-21,12,20 C,1,AOP2,0,1,0,0,8,0.714
1,2018-08-21,12,20 C,2,AOP2_AOP2.gsoh,0,1,0,1,8,1.049
55,2018-08-21,12,23 C,2,Col_AOP2.gsoh,0,0,1,1,8,1.51
12,2018-08-21,12,20 C,4,Poly,1,1,1,1,8,0.489
26,2018-08-21,12,20 C,1,Col,0,0,1,0,8,1.761
19,2018-08-21,12,20 C,2,AOP2_AOP2.gsoh,0,1,0,1,8,0.892
7,2018-08-21,12,20 C,4,Poly,1,1,1,1,8,1.566
5,2018-08-21,12,20 C,1,gsm1,1,0,0,0,8,0.904
41,2018-08-21,12,23 C,2,Col_AOP2,0,1,1,0,8,0.734
35,2018-08-21,12,23 C,2,AOP2_AOP2.gsoh,0,1,0,1,8,0.201
54,2018-08-21,12,23 C,1,AOP2.gsoh,0,0,0,1,8,0.347
22,2018-08-21,12,20 C,1,AOP2.gsoh,0,0,0,1,8,0.337
43,2018-08-21,12,23 C,4,Poly,1,1,1,1,8,0.333
47,2018-08-21,12,23 C,2,gsm1_AOP2,1,1,0,0,8,0.646
40,2018-08-21,12,23 C,2,gsm1_AOP2.gsoh,1,0,0,1,8,0.228
18,2018-08-21,12,20 C,2,Col_AOP2.gsoh,0,0,1,1,8,1.328
11,2018-08-21,12,20 C,2,gsm1_AOP2,1,1,0,0,8,1.227
53,2018-08-21,12,23 C,4,Poly,1,1,1,1,8,0.662
17,2018-08-21,12,20 C,2,gsm1_AOP2,1,1,0,0,8,1.164
4,2018-08-21,12,20 C,1,AOP2,0,1,0,0,8,0.315
46,2018-08-21,12,23 C,4,Poly,1,1,1,1,8,0.274
29,2018-08-21,12,20 C,2,gsm1_AOP2.gsoh,1,0,0,1,8,0.56
3,2018-08-21,12,20 C,2,gsm1_AOP2.gsoh,1,0,0,1,8,1.041
60,2018-08-21,12,23 C,2,gsm1_AOP2,1,1,0,0,8,0.935
15,2018-08-21,12,20 C,1,AOP2.gsoh,0,0,0,1,8,0.868
39,2018-08-21,12,23 C,1,gsm1,1,0,0,0,8,0.47
20,2018-08-21,12,20 C,2,gsm1_AOP2,1,1,0,0,8,0.381
45,2018-08-21,12,23 C,2,Col_gsm1,1,0,1,0,8,1.523
38,2018-08-21,12,23 C,4,Poly,1,1,1,1,8,0.827
52,2018-08-21,12,23 C,1,AOP2,0,1,0,0,8,0.747
48,2018-08-21,12,23 C,2,AOP2_AOP2.gsoh,0,1,0,1,8,0.35
9,2018-08-21,12,20 C,2,Col_gsm1,1,0,1,0,8,1.501
44,2018-08-21,12,23 C,1,AOP2,0,1,0,0,8,1.012
10,2018-08-21,12,20 C,2,gsm1_AOP2.gsoh,1,0,0,1,8,1.18
14,2018-08-21,12,20 C,1,Col,0,0,1,0,8,1.168
31,2018-08-21,12,23 C,2,gsm1_AOP2,1,1,0,0,8,0.835
30,2018-08-21,12,20 C,2,Col_gsm1,1,0,1,0,8,1.684
56,2018-08-21,12,23 C,1,AOP2.gsoh,0,0,0,1,8,0.889
32,2018-08-21,12,23 C,1,Col,0,0,1,0,8,0.618
58,2018-08-21,12,23 C,2,Col_AOP2.gsoh,0,0,1,1,8,1.283
27,2018-08-21,12,20 C,2,Col_AOP2,0,1,1,0,8,1.483
36,2018-08-21,12,23 C,2,gsm1_AOP2.gsoh,1,0,0,1,8,0.592
13,2018-08-21,12,20 C,4,Poly,1,1,1,1,8,1.305
16,2018-08-21,12,20 C,2,Col_gsm1,1,0,1,0,8,1.785
21,2018-08-21,12,20 C,2,Col_AOP2,0,1,1,0,8,1.377
23,2018-08-21,12,20 C,2,AOP2_AOP2.gsoh,0,1,0,1,8,0.429
38,2018-08-29,13,23 C,4,Poly,1,1,1,1,8,1.085
9,2018-08-29,13,20 C,2,Col_gsm1,1,0,1,0,8,1.372
55,2018-08-29,13,23 C,2,Col_AOP2.gsoh,0,0,1,1,8,1.568
49,2018-08-29,13,23 C,2,Col_gsm1,1,0,1,0,8,0.403
7,2018-08-29,13,20 C,4,Poly,1,1,1,1,8,1.446
28,2018-08-29,13,20 C,2,Col_AOP2.gsoh,0,0,1,1,8,1.346
50,2018-08-29,13,23 C,2,Col_AOP2,0,1,1,0,8,1.234
24,2018-08-29,13,20 C,1,gsm1,1,0,0,0,8,1.362
41,2018-08-29,13,23 C,2,Col_AOP2,0,1,1,0,8,0.42
51,2018-08-29,13,23 C,1,gsm1,1,0,0,0,8,1.357
35,2018-08-29,13,23 C,2,AOP2_AOP2.gsoh,0,1,0,1,8,0.252
14,2018-08-29,13,20 C,1,Col,0,0,1,0,7,2.915
37,2018-08-29,13,23 C,2,gsm1_AOP2.gsoh,1,0,0,1,8,0.777
40,2018-08-29,13,23 C,2,gsm1_AOP2.gsoh,1,0,0,1,8,0.901
25,2018-08-29,13,20 C,1,AOP2,0,1,0,0,8,1.159
5,2018-08-29,13,20 C,1,gsm1,1,0,0,0,8,0.933
54,2018-08-29,13,23 C,1,AOP2.gsoh,0,0,0,1,7,0.448
30,2018-08-29,13,20 C,2,Col_gsm1,1,0,1,0,8,1.073
58,2018-08-29,13,23 C,2,Col_AOP2.gsoh,0,0,1,1,8,1.415
43,2018-08-29,13,23 C,4,Poly,1,1,1,1,8,0.404
44,2018-08-29,13,23 C,1,AOP2,0,1,0,0,8,1.274
36,2018-08-29,13,23 C,2,gsm1_AOP2.gsoh,1,0,0,1,8,0.239
56,2018-08-29,13,23 C,1,AOP2.gsoh,0,0,0,1,8,0.892
1,2018-08-29,13,20 C,2,AOP2_AOP2.gsoh,0,1,0,1,7,0.964
19,2018-08-29,13,20 C,2,AOP2_AOP2.gsoh,0,1,0,1,8,0.873
2,2018-08-29,13,20 C,4,Poly,1,1,1,1,8,1.421
26,2018-08-29,13,20 C,1,Col,0,0,1,0,8,1.767
33,2018-08-29,13,23 C,1,Col,0,0,1,0,8,4.78
34,2018-08-29,13,23 C,2,Col_AOP2.gsoh,0,0,1,1,7,0.358
20,2018-08-29,13,20 C,2,gsm1_AOP2,1,1,0,0,8,0.411
42,2018-08-29,13,23 C,2,Col_AOP2,0,1,1,0,8,1.394
59,2018-08-29,13,23 C,2,Col_gsm1,1,0,1,0,8,0.34
57,2018-08-29,13,23 C,2,AOP2_AOP2.gsoh,0,1,0,1,7,0.84
6,2018-08-29,13,20 C,2,Col_AOP2,0,1,1,0,8,0.798
29,2018-08-29,13,20 C,2,gsm1_AOP2.gsoh,1,0,0,1,8,0.381
3,2018-08-29,13,20 C,2,gsm1_AOP2.gsoh,1,0,0,1,8,1.407
45,2018-08-29,13,23 C,2,Col_gsm1,1,0,1,0,8,1.25
11,2018-08-29,13,20 C,2,gsm1_AOP2,1,1,0,0,8,1.167
4,2018-08-29,13,20 C,1,AOP2,0,1,0,0,8,0.408
39,2018-08-29,13,23 C,1,gsm1,1,0,0,0,8,0.333
46,2018-08-29,13,23 C,4,Poly,1,1,1,1,8,0.38
52,2018-08-29,13,23 C,1,AOP2,0,1,0,0,8,0.26
47,2018-08-29,13,23 C,2,gsm1_AOP2,1,1,0,0,8,1.225
32,2018-08-29,13,23 C,1,Col,0,0,1,0,8,0.691
60,2018-08-29,13,23 C,2,gsm1_AOP2,1,1,0,0,8,1.516
17,2018-08-29,13,20 C,2,gsm1_AOP2,1,1,0,0,8,0.366
12,2018-08-29,13,20 C,4,Poly,1,1,1,1,8,0.395
23,2018-08-29,13,20 C,2,AOP2_AOP2.gsoh,0,1,0,1,8,0.377
15,2018-08-29,13,20 C,1,AOP2.gsoh,0,0,0,1,8,0.453
10,2018-08-29,13,20 C,2,gsm1_AOP2.gsoh,1,0,0,1,8,1.313
48,2018-08-29,13,23 C,2,AOP2_AOP2.gsoh,0,1,0,1,8,0.263
21,2018-08-29,13,20 C,2,Col_AOP2,0,1,1,0,7,1.191
18,2018-08-29,13,20 C,2,Col_AOP2.gsoh,0,0,1,1,8,0.762
16,2018-08-29,13,20 C,2,Col_gsm1,1,0,1,0,8,1.539
53,2018-08-29,13,23 C,4,Poly,1,1,1,1,8,0.379
22,2018-08-29,13,20 C,1,AOP2.gsoh,0,0,0,1,7,0.265
13,2018-08-29,13,20 C,4,Poly,1,1,1,1,8,0.821
31,2018-08-29,13,23 C,2,gsm1_AOP2,1,1,0,0,8,0.331
8,2018-08-29,13,20 C,2,Col_AOP2.gsoh,0,0,1,1,8,1.533
27,2018-08-29,13,20 C,2,Col_AOP2,0,1,1,0,8,1.631
2,2018-09-05,14,20 C,4,Poly,1,1,1,1,7,1.339
6,2018-09-05,14,20 C,2,Col_AOP2,0,1,1,0,8,0.409
11,2018-09-05,14,20 C,2,gsm1_AOP2,1,1,0,0,7,1.038
5,2018-09-05,14,20 C,1,gsm1,1,0,0,0,8,0.393
29,2018-09-05,14,20 C,2,gsm1_AOP2.gsoh,1,0,0,1,8,1.07
8,2018-09-05,14,20 C,2,Col_AOP2.gsoh,0,0,1,1,8,1.366
12,2018-09-05,14,20 C,4,Poly,1,1,1,1,8,0.764
49,2018-09-05,14,23 C,2,Col_gsm1,1,0,1,0,8,0.631
27,2018-09-05,14,20 C,2,Col_AOP2,0,1,1,0,8,1.294
55,2018-09-05,14,23 C,2,Col_AOP2.gsoh,0,0,1,1,8,1.601
3,2018-09-05,14,20 C,2,gsm1_AOP2.gsoh,1,0,0,1,8,1.144
13,2018-09-05,14,20 C,4,Poly,1,1,1,1,8,1.194
35,2018-09-05,14,23 C,2,AOP2_AOP2.gsoh,0,1,0,1,8,0.345
38,2018-09-05,14,23 C,4,Poly,1,1,1,1,7,1.277
18,2018-09-05,14,20 C,2,Col_AOP2.gsoh,0,0,1,1,8,0.532
40,2018-09-05,14,23 C,2,gsm1_AOP2.gsoh,1,0,0,1,8,0.992
51,2018-09-05,14,23 C,1,gsm1,1,0,0,0,8,1.156
21,2018-09-05,14,20 C,2,Col_AOP2,0,1,1,0,8,1.255
47,2018-09-05,14,23 C,2,gsm1_AOP2,1,1,0,0,8,0.957
42,2018-09-05,14,23 C,2,Col_AOP2,0,1,1,0,8,0.942
58,2018-09-05,14,23 C,2,Col_AOP2.gsoh,0,0,1,1,8,1.261
57,2018-09-05,14,23 C,2,AOP2_AOP2.gsoh,0,1,0,1,8,1.181
39,2018-09-05,14,23 C,1,gsm1,1,0,0,0,8,0.728
33,2018-09-05,14,23 C,1,Col,0,0,1,0,8,0.94
22,2018-09-05,14,20 C,1,AOP2.gsoh,0,0,0,1,8,0.47
54,2018-09-05,14,23 C,1,AOP2.gsoh,0,0,0,1,8,0.798
34,2018-09-05,14,23 C,2,Col_AOP2.gsoh,0,0,1,1,8,0.275
32,2018-09-05,14,23 C,1,Col,0,0,1,0,8,1.032
36,2018-09-05,14,23 C,2,gsm1_AOP2.gsoh,1,0,0,1,8,1.023
17,2018-09-05,14,20 C,2,gsm1_AOP2,1,1,0,0,8,0.353
60,2018-09-05,14,23 C,2,gsm1_AOP2,1,1,0,0,8,1.329
19,2018-09-05,14,20 C,2,AOP2_AOP2.gsoh,0,1,0,1,7,0.972
28,2018-09-05,14,20 C,2,Col_AOP2.gsoh,0,0,1,1,8,1.084
25,2018-09-05,14,20 C,1,AOP2,0,1,0,0,8,1.046
14,2018-09-05,14,20 C,1,Col,0,0,1,0,8,0.529
7,2018-09-05,14,20 C,4,Poly,1,1,1,1,8,1.317
30,2018-09-05,14,20 C,2,Col_gsm1,1,0,1,0,8,0.347
9,2018-09-05,14,20 C,2,Col_gsm1,1,0,1,0,8,1.481
50,2018-09-05,14,23 C,2,Col_AOP2,0,1,1,0,8,0.387
41,2018-09-05,14,23 C,2,Col_AOP2,0,1,1,0,8,0.771
31,2018-09-05,14,23 C,2,gsm1_AOP2,1,1,0,0,8,0.247
43,2018-09-05,14,23 C,4,Poly,1,1,1,1,8,0.69
59,2018-09-05,14,23 C,2,Col_gsm1,1,0,1,0,8,1.115
46,2018-09-05,14,23 C,4,Poly,1,1,1,1,8,0.274
53,2018-09-05,14,23 C,4,Poly,1,1,1,1,8,0.842
48,2018-09-05,14,23 C,2,AOP2_AOP2.gsoh,0,1,0,1,8,0.454
16,2018-09-05,14,20 C,2,Col_gsm1,1,0,1,0,8,1.624
56,2018-09-05,14,23 C,1,AOP2.gsoh,0,0,0,1,8,1.035
44,2018-09-05,14,23 C,1,AOP2,0,1,0,0,7,0.893
20,2018-09-05,14,20 C,2,gsm1_AOP2,1,1,0,0,8,0.402
1,2018-09-05,14,20 C,2,AOP2_AOP2.gsoh,0,1,0,1,8,1.092
45,2018-09-05,14,23 C,2,Col_gsm1,1,0,1,0,8,1.155
24,2018-09-05,14,20 C,1,gsm1,1,0,0,0,7,1.266
26,2018-09-05,14,20 C,1,Col,0,0,1,0,8,1.45
4,2018-09-05,14,20 C,1,AOP2,0,1,0,0,7,0.258
15,2018-09-05,14,20 C,1,AOP2.gsoh,0,0,0,1,8,0.576
23,2018-09-05,14,20 C,2,AOP2_AOP2.gsoh,0,1,0,1,8,0.313
10,2018-09-05,14,20 C,2,gsm1_AOP2.gsoh,1,0,0,1,8,1.148
52,2018-09-05,14,23 C,1,AOP2,0,1,0,0,8,0.428
37,2018-09-05,14,23 C,2,gsm1_AOP2.gsoh,1,0,0,1,8,0.988
31,2018-09-12,15,23 C,2,gsm1_AOP2,1,1,0,0,7,0.186
47,2018-09-12,15,23 C,2,gsm1_AOP2,1,1,0,0,8,0.662
58,2018-09-12,15,23 C,2,Col_AOP2.gsoh,0,0,1,1,8,0.961
52,2018-09-12,15,23 C,1,AOP2,0,1,0,0,7,0.14
42,2018-09-12,15,23 C,2,Col_AOP2,0,1,1,0,6,0.54
46,2018-09-12,15,23 C,4,Poly,1,1,1,1,8,0.324
27,2018-09-12,15,20 C,2,Col_AOP2,0,1,1,0,8,0.992
1,2018-09-12,15,20 C,2,AOP2_AOP2.gsoh,0,1,0,1,7,0.559
5,2018-09-12,15,20 C,1,gsm1,1,0,0,0,6,0.296
45,2018-09-12,15,23 C,2,Col_gsm1,1,0,1,0,8,0.762
10,2018-09-12,15,20 C,2,gsm1_AOP2.gsoh,1,0,0,1,6,0.141
8,2018-09-12,15,20 C,2,Col_AOP2.gsoh,0,0,1,1,8,0.712
49,2018-09-12,15,23 C,2,Col_gsm1,1,0,1,0,7,0.184
35,2018-09-12,15,23 C,2,AOP2_AOP2.gsoh,0,1,0,1,7,0.2
38,2018-09-12,15,23 C,4,Poly,1,1,1,1,8,0.691
19,2018-09-12,15,20 C,2,AOP2_AOP2.gsoh,0,1,0,1,7,0.661
11,2018-09-12,15,20 C,2,gsm1_AOP2,1,1,0,0,6,0.534
2,2018-09-12,15,20 C,4,Poly,1,1,1,1,5,0.361
9,2018-09-12,15,20 C,2,Col_gsm1,1,0,1,0,8,0.626
18,2018-09-12,15,20 C,2,Col_AOP2.gsoh,0,0,1,1,7,0.16
30,2018-09-12,15,20 C,2,Col_gsm1,1,0,1,0,8,0.19
23,2018-09-12,15,20 C,2,AOP2_AOP2.gsoh,0,1,0,1,8,0.226
34,2018-09-12,15,23 C,2,Col_AOP2.gsoh,0,0,1,1,7,0.321
60,2018-09-12,15,23 C,2,gsm1_AOP2,1,1,0,0,8,0.826
37,2018-09-12,15,23 C,2,gsm1_AOP2.gsoh,1,0,0,1,8,0.698
50,2018-09-12,15,23 C,2,Col_AOP2,0,1,1,0,7,0.15
59,2018-09-12,15,23 C,2,Col_gsm1,1,0,1,0,8,0.577
48,2018-09-12,15,23 C,2,AOP2_AOP2.gsoh,0,1,0,1,7,0.138
12,2018-09-12,15,20 C,4,Poly,1,1,1,1,8,0.289
4,2018-09-12,15,20 C,1,AOP2,0,1,0,0,7,0.085
15,2018-09-12,15,20 C,1,AOP2.gsoh,0,0,0,1,8,0.534
13,2018-09-12,15,20 C,4,Poly,1,1,1,1,6,0.222
39,2018-09-12,15,23 C,1,gsm1,1,0,0,0,8,0.172
55,2018-09-12,15,23 C,2,Col_AOP2.gsoh,0,0,1,1,6,0.555
21,2018-09-12,15,20 C,2,Col_AOP2,0,1,1,0,8,0.429
29,2018-09-12,15,20 C,2,gsm1_AOP2.gsoh,1,0,0,1,8,0.715
6,2018-09-12,15,20 C,2,Col_AOP2,0,1,1,0,8,0.326
16,2018-09-12,15,20 C,2,Col_gsm1,1,0,1,0,4,0.324
54,2018-09-12,15,23 C,1,AOP2.gsoh,0,0,0,1,8,0.723
56,2018-09-12,15,23 C,1,AOP2.gsoh,0,0,0,1,4,0.224
7,2018-09-12,15,20 C,4,Poly,1,1,1,1,5,0.513
28,2018-09-12,15,20 C,2,Col_AOP2.gsoh,0,0,1,1,6,0.485
22,2018-09-12,15,20 C,1,AOP2.gsoh,0,0,0,1,8,0.191
24,2018-09-12,15,20 C,1,gsm1,1,0,0,0,5,0.113
33,2018-09-12,15,23 C,1,Col,0,0,1,0,8,0.263
20,2018-09-12,15,20 C,2,gsm1_AOP2,1,1,0,0,7,0.11
17,2018-09-12,15,20 C,2,gsm1_AOP2,1,1,0,0,8,0.224
25,2018-09-12,15,20 C,1,AOP2,0,1,0,0,6,0.397
26,2018-09-12,15,20 C,1,Col,0,0,1,0,6,0.656
3,2018-09-12,15,20 C,2,gsm1_AOP2.gsoh,1,0,0,1,4,0.218
14,2018-09-12,15,20 C,1,Col,0,0,1,0,8,0.323
51,2018-09-12,15,23 C,1,gsm1,1,0,0,0,8,0.72
32,2018-09-12,15,23 C,1,Col,0,0,1,0,8,1.265
53,2018-09-12,15,23 C,4,Poly,1,1,1,1,6,0.519
57,2018-09-12,15,23 C,2,AOP2_AOP2.gsoh,0,1,0,1,7,0.449
40,2018-09-12,15,23 C,2,gsm1_AOP2.gsoh,1,0,0,1,6,0.593
41,2018-09-12,15,23 C,2,Col_AOP2,0,1,1,0,7,0.223
44,2018-09-12,15,23 C,1,AOP2,0,1,0,0,5,0.527
36,2018-09-12,15,23 C,2,gsm1_AOP2.gsoh,1,0,0,1,6,0.713
43,2018-09-12,15,23 C,4,Poly,1,1,1,1,7,0.167
20,2018-09-19,16,20 C,2,gsm1_AOP2,1,1,0,0,8,0.614
11,2018-09-19,16,20 C,2,gsm1_AOP2,1,1,0,0,8,0.526
25,2018-09-19,16,20 C,1,AOP2,0,1,0,0,8,0.895
29,2018-09-19,16,20 C,2,gsm1_AOP2.gsoh,1,0,0,1,8,0.988
46,2018-09-19,16,23 C,4,Poly,1,1,1,1,8,0.15
60,2018-09-19,16,23 C,2,gsm1_AOP2,1,1,0,0,7,0.503
13,2018-09-19,16,20 C,4,Poly,1,1,1,1,8,0.267
41,2018-09-19,16,23 C,2,Col_AOP2,0,1,1,0,8,0.297
52,2018-09-19,16,23 C,1,AOP2,0,1,0,0,7,0.147
28,2018-09-19,16,20 C,2,Col_AOP2.gsoh,0,0,1,1,7,0.575
37,2018-09-19,16,23 C,2,gsm1_AOP2.gsoh,1,0,0,1,8,0.422
54,2018-09-19,16,23 C,1,AOP2.gsoh,0,0,0,1,8,0.878
26,2018-09-19,16,20 C,1,Col,0,0,1,0,8,1.11
1,2018-09-19,16,20 C,2,AOP2_AOP2.gsoh,0,1,0,1,7,0.411
39,2018-09-19,16,23 C,1,gsm1,1,0,0,0,8,0.744
34,2018-09-19,16,23 C,2,Col_AOP2.gsoh,0,0,1,1,6,0.253
36,2018-09-19,16,23 C,2,gsm1_AOP2.gsoh,1,0,0,1,8,0.815
50,2018-09-19,16,23 C,2,Col_AOP2,0,1,1,0,7,0.291
18,2018-09-19,16,20 C,2,Col_AOP2.gsoh,0,0,1,1,7,0.635
14,2018-09-19,16,20 C,1,Col,0,0,1,0,8,1.145
7,2018-09-19,16,20 C,4,Poly,1,1,1,1,8,0.568
23,2018-09-19,16,20 C,2,AOP2_AOP2.gsoh,0,1,0,1,8,0.414
21,2018-09-19,16,20 C,2,Col_AOP2,0,1,1,0,8,0.812
49,2018-09-19,16,23 C,2,Col_gsm1,1,0,1,0,8,0.672
47,2018-09-19,16,23 C,2,gsm1_AOP2,1,1,0,0,8,0.88
33,2018-09-19,16,23 C,1,Col,0,0,1,0,8,0.318
38,2018-09-19,16,23 C,4,Poly,1,1,1,1,8,1.108
59,2018-09-19,16,23 C,2,Col_gsm1,1,0,1,0,7,0.257
40,2018-09-19,16,23 C,2,gsm1_AOP2.gsoh,1,0,0,1,8,0.573
30,2018-09-19,16,20 C,2,Col_gsm1,1,0,1,0,8,0.613
35,2018-09-19,16,23 C,2,AOP2_AOP2.gsoh,0,1,0,1,8,0.442
48,2018-09-19,16,23 C,2,AOP2_AOP2.gsoh,0,1,0,1,8,0.286
6,2018-09-19,16,20 C,2,Col_AOP2,0,1,1,0,8,0.356
53,2018-09-19,16,23 C,4,Poly,1,1,1,1,8,0.467
51,2018-09-19,16,23 C,1,gsm1,1,0,0,0,8,0.402
16,2018-09-19,16,20 C,2,Col_gsm1,1,0,1,0,8,1.272
42,2018-09-19,16,23 C,2,Col_AOP2,0,1,1,0,8,0.538
43,2018-09-19,16,23 C,4,Poly,1,1,1,1,7,0.201
5,2018-09-19,16,20 C,1,gsm1,1,0,0,0,8,0.294
8,2018-09-19,16,20 C,2,Col_AOP2.gsoh,0,0,1,1,8,0.512
24,2018-09-19,16,20 C,1,gsm1,1,0,0,0,8,0.909
22,2018-09-19,16,20 C,1,AOP2.gsoh,0,0,0,1,8,0.64
15,2018-09-19,16,20 C,1,AOP2.gsoh,0,0,0,1,8,0.699
19,2018-09-19,16,20 C,2,AOP2_AOP2.gsoh,0,1,0,1,8,0.65
17,2018-09-19,16,20 C,2,gsm1_AOP2,1,1,0,0,8,0.92
4,2018-09-19,16,20 C,1,AOP2,0,1,0,0,8,0.34
12,2018-09-19,16,20 C,4,Poly,1,1,1,1,8,0.763
56,2018-09-19,16,23 C,1,AOP2.gsoh,0,0,0,1,8,0.534
2,2018-09-19,16,20 C,4,Poly,1,1,1,1,8,0.434
3,2018-09-19,16,20 C,2,gsm1_AOP2.gsoh,1,0,0,1,8,0.804
27,2018-09-19,16,20 C,2,Col_AOP2,0,1,1,0,8,0.66
58,2018-09-19,16,23 C,2,Col_AOP2.gsoh,0,0,1,1,8,0.276
31,2018-09-19,16,23 C,2,gsm1_AOP2,1,1,0,0,8,0.196
45,2018-09-19,16,23 C,2,Col_gsm1,1,0,1,0,8,0.74
9,2018-09-19,16,20 C,2,Col_gsm1,1,0,1,0,8,0.786
44,2018-09-19,16,23 C,1,AOP2,0,1,0,0,8,0.8
57,2018-09-19,16,23 C,2,AOP2_AOP2.gsoh,0,1,0,1,8,0.337
10,2018-09-19,16,20 C,2,gsm1_AOP2.gsoh,1,0,0,1,8,0.422
55,2018-09-19,16,23 C,2,Col_AOP2.gsoh,0,0,1,1,8,0.616
32,2018-09-19,16,23 C,1,Col,0,0,1,0,8,1.245
3,2018-09-26,17,20 C,2,gsm1_AOP2.gsoh,1,0,0,1,8,1.056
9,2018-09-26,17,20 C,2,Col_gsm1,1,0,1,0,8,1.511
2,2018-09-26,17,20 C,4,Poly,1,1,1,1,8,0.808
18,2018-09-26,17,20 C,2,Col_AOP2.gsoh,0,0,1,1,8,1.205
48,2018-09-26,17,23 C,2,AOP2_AOP2.gsoh,0,1,0,1,8,0.264
60,2018-09-26,17,23 C,2,gsm1_AOP2,1,1,0,0,8,1.032
19,2018-09-26,17,20 C,2,AOP2_AOP2.gsoh,0,1,0,1,7,0.836
46,2018-09-26,17,23 C,4,Poly,1,1,1,1,8,0.778
22,2018-09-26,17,20 C,1,AOP2.gsoh,0,0,0,1,8,0.423
38,2018-09-26,17,23 C,4,Poly,1,1,1,1,8,0.561
6,2018-09-26,17,20 C,2,Col_AOP2,0,1,1,0,8,1.498
41,2018-09-26,17,23 C,2,Col_AOP2,0,1,1,0,8,0.517
40,2018-09-26,17,23 C,2,gsm1_AOP2.gsoh,1,0,0,1,8,0.594
4,2018-09-26,17,20 C,1,AOP2,0,1,0,0,8,0.617
35,2018-09-26,17,23 C,2,AOP2_AOP2.gsoh,0,1,0,1,8,0.302
50,2018-09-26,17,23 C,2,Col_AOP2,0,1,1,0,8,0.459
17,2018-09-26,17,20 C,2,gsm1_AOP2,1,1,0,0,8,1.15
37,2018-09-26,17,23 C,2,gsm1_AOP2.gsoh,1,0,0,1,8,0.305
5,2018-09-26,17,20 C,1,gsm1,1,0,0,0,7,1.224
59,2018-09-26,17,23 C,2,Col_gsm1,1,0,1,0,7,0.362
39,2018-09-26,17,23 C,1,gsm1,1,0,0,0,8,0.409
51,2018-09-26,17,23 C,1,gsm1,1,0,0,0,8,1.661
36,2018-09-26,17,23 C,2,gsm1_AOP2.gsoh,1,0,0,1,8,1.266
16,2018-09-26,17,20 C,2,Col_gsm1,1,0,1,0,8,1.349
7,2018-09-26,17,20 C,4,Poly,1,1,1,1,8,1.086
47,2018-09-26,17,23 C,2,gsm1_AOP2,1,1,0,0,8,1.161
25,2018-09-26,17,20 C,1,AOP2,0,1,0,0,8,0.711
24,2018-09-26,17,20 C,1,gsm1,1,0,0,0,7,0.745
34,2018-09-26,17,23 C,2,Col_AOP2.gsoh,0,0,1,1,8,0.406
20,2018-09-26,17,20 C,2,gsm1_AOP2,1,1,0,0,8,1.244
26,2018-09-26,17,20 C,1,Col,0,0,1,0,8,1.134
33,2018-09-26,17,23 C,1,Col,0,0,1,0,8,0.365
11,2018-09-26,17,20 C,2,gsm1_AOP2,1,1,0,0,8,1.013
23,2018-09-26,17,20 C,2,AOP2_AOP2.gsoh,0,1,0,1,8,0.672
49,2018-09-26,17,23 C,2,Col_gsm1,1,0,1,0,7,0.481
32,2018-09-26,17,23 C,1,Col,0,0,1,0,8,1.626
29,2018-09-26,17,20 C,2,gsm1_AOP2.gsoh,1,0,0,1,8,1.138
55,2018-09-26,17,23 C,2,Col_AOP2.gsoh,0,0,1,1,8,0.663
8,2018-09-26,17,20 C,2,Col_AOP2.gsoh,0,0,1,1,8,1.353
14,2018-09-26,17,20 C,1,Col,0,0,1,0,8,1.637
56,2018-09-26,17,23 C,1,AOP2.gsoh,0,0,0,1,8,0.78
28,2018-09-26,17,20 C,2,Col_AOP2.gsoh,0,0,1,1,8,0.345
42,2018-09-26,17,23 C,2,Col_AOP2,0,1,1,0,8,0.341
1,2018-09-26,17,20 C,2,AOP2_AOP2.gsoh,0,1,0,1,8,0.925
27,2018-09-26,17,20 C,2,Col_AOP2,0,1,1,0,8,1.202
44,2018-09-26,17,23 C,1,AOP2,0,1,0,0,8,0.432
54,2018-09-26,17,23 C,1,AOP2.gsoh,0,0,0,1,8,0.845
52,2018-09-26,17,23 C,1,AOP2,0,1,0,0,8,0.374
12,2018-09-26,17,20 C,4,Poly,1,1,1,1,8,0.925
15,2018-09-26,17,20 C,1,AOP2.gsoh,0,0,0,1,8,0.848
21,2018-09-26,17,20 C,2,Col_AOP2,0,1,1,0,8,0.471
58,2018-09-26,17,23 C,2,Col_AOP2.gsoh,0,0,1,1,8,0.99
30,2018-09-26,17,20 C,2,Col_gsm1,1,0,1,0,6,0.979
43,2018-09-26,17,23 C,4,Poly,1,1,1,1,8,0.319
10,2018-09-26,17,20 C,2,gsm1_AOP2.gsoh,1,0,0,1,8,0.547
45,2018-09-26,17,23 C,2,Col_gsm1,1,0,1,0,8,1.083
13,2018-09-26,17,20 C,4,Poly,1,1,1,1,8,0.937
57,2018-09-26,17,23 C,2,AOP2_AOP2.gsoh,0,1,0,1,8,0.338
31,2018-09-26,17,23 C,2,gsm1_AOP2,1,1,0,0,8,0.22
53,2018-09-26,17,23 C,4,Poly,1,1,1,1,7,0.693
